ride_id,rideable_type,started_at,ended_at,start_station_name,start_station_id,end_station_name,end_station_id,start_lat,start_lng,end_lat,end_lng,member_casual
CDE6023BE6B11D2F,electric_bike,1/1/2024 0:14,1/1/2024 0:15,,,,,41.89,-87.65,41.89,-87.65,casual
462B48CD292B6A18,electric_bike,1/1/2024 0:13,1/1/2024 0:13,,,,,41.89,-87.65,41.89,-87.65,casual
9CFB6A858D23ABF7,electric_bike,1/1/2024 0:18,1/1/2024 0:21,,,,,41.93,-87.65,41.94,-87.65,casual
6365EFEB64231153,electric_bike,1/1/2024 0:38,1/1/2024 0:05,,,,,41.88,-87.64,41.88,-87.64,casual
BA0323C33134CBA8,electric_bike,1/1/2024 0:07,1/1/2024 0:07,,,,,41.94,-87.64,41.94,-87.64,casual
DE26F0D728517B77,electric_bike,1/1/2024 0:09,1/1/2024 0:09,,,,,41.94,-87.64,41.94,-87.64,casual
C806B4280D388CC0,electric_bike,1/1/2024 0:09,1/1/2024 0:15,,,,,41.94,-87.64,41.93,-87.64,casual
45CBD564C461DBE9,electric_bike,1/1/2024 0:15,1/1/2024 0:18,,,,,41.91,-87.63,41.87,-87.61,casual
D943D9C4841D9A60,electric_bike,1/1/2024 0:35,1/1/2024 0:35,,,,,41.91,-87.74,41.91,-87.74,casual
2C9D2B7821354BFF,electric_bike,1/1/2024 0:34,1/1/2024 0:34,,,,,41.91,-87.74,41.91,-87.74,casual
17DE443860E503FE,electric_bike,1/1/2024 0:31,1/1/2024 0:40,,,,,41.89,-87.62,41.88,-87.63,casual
9CA37E8BE56A5C78,electric_bike,1/1/2024 0:35,1/1/2024 0:37,,,,,41.8,-87.7,41.79,-87.7,casual
0B8832ED94F388DB,electric_bike,1/1/2024 0:35,1/1/2024 0:35,,,,,41.8,-87.7,41.8,-87.7,casual
4FB7A017D9EF3A0E,electric_bike,1/1/2024 0:40,1/1/2024 0:14,,,,,41.88,-87.64,41.94,-87.66,casual
D58B179696F4324F,electric_bike,1/1/2024 0:08,1/1/2024 0:17,,,,,41.89,-87.65,41.91,-87.63,casual
06C4D74206854FBF,electric_bike,1/1/2024 0:29,1/1/2024 0:41,,,,,41.91,-87.68,41.95,-87.71,casual
F3D133067309C8DF,electric_bike,1/1/2024 0:41,1/1/2024 0:08,,,,,41.93,-87.71,41.91,-87.68,casual
A414D79BAEA2477F,electric_bike,1/1/2024 0:25,1/1/2024 0:32,,,Wood St & Chicago Ave,637,41.88,-87.65,41.895634,-87.672069,casual
BC90824485F264B8,electric_bike,1/1/2024 0:02,1/1/2024 0:04,,,,,42.05,-87.68,42.05,-87.69,casual
755CCE9433F82C7B,electric_bike,1/1/2024 0:16,1/1/2024 0:17,,,,,41.73,-87.64,41.73,-87.64,casual
EFEF2B0D1219A875,electric_bike,1/1/2024 0:18,1/1/2024 0:17,,,,,41.73,-87.64,41.69,-87.61,casual
05161B08F1E67DF4,electric_bike,1/1/2024 0:15,1/1/2024 0:15,,,,,41.73,-87.64,41.73,-87.64,casual
45C7F5E0A3B868FB,electric_bike,1/1/2024 0:24,1/1/2024 0:27,,,,,41.99,-87.66,41.99,-87.65,casual
6BFB364B3E37D8CF,electric_bike,1/1/2024 0:26,1/1/2024 0:28,,,,,41.98,-87.67,41.98,-87.66,casual
6FF9658ECD4E8579,electric_bike,1/1/2024 0:25,1/1/2024 0:29,,,,,41.89,-87.62,41.89,-87.63,casual
ACF94376DF9439C4,electric_bike,1/1/2024 0:32,1/1/2024 0:38,,,,,41.89,-87.64,41.89,-87.66,casual
B30F947AA63AAF29,electric_bike,1/1/2024 0:24,1/1/2024 0:34,,,,,41.89,-87.61,41.89,-87.66,casual
78C3E0CEC1D486EC,electric_bike,1/1/2024 0:07,1/1/2024 0:14,,,,,41.88,-87.67,41.89,-87.65,casual
2DB5C2E15C81C2DC,electric_bike,1/1/2024 0:18,1/1/2024 0:30,,,,,41.9,-87.66,41.93,-87.71,casual
2A64EDA8E7633BFA,electric_bike,1/1/2024 0:28,1/1/2024 0:32,,,,,41.93,-87.66,41.95,-87.66,casual
9B010D145E668CF2,electric_bike,1/1/2024 0:01,1/1/2024 0:04,,,,,41.95,-87.66,41.93,-87.65,casual
A1706A02C670B91B,electric_bike,1/1/2024 0:38,1/1/2024 0:40,,,,,41.9,-87.65,41.9,-87.65,casual
DBC2313E1C977713,electric_bike,1/1/2024 0:15,1/1/2024 0:20,,,,,41.87,-87.68,41.87,-87.66,member
9A1F6536BC70EEAB,electric_bike,1/1/2024 0:20,1/1/2024 0:22,,,,,41.87,-87.66,41.87,-87.65,member
B4C3B68E7947FFF9,electric_bike,1/1/2024 0:35,1/1/2024 0:41,,,,,41.92,-87.63,41.93,-87.65,casual
3DC8F84A491B886A,electric_bike,1/1/2024 0:08,1/1/2024 0:08,,,,,41.89,-87.61,41.89,-87.61,casual
E8CE71B6054D4F61,electric_bike,1/1/2024 0:08,1/1/2024 0:25,,,,,41.89,-87.61,41.88,-87.62,casual
7334391F52D7DC19,electric_bike,1/1/2024 0:10,1/1/2024 0:26,,,,,41.96,-87.65,41.9,-87.63,casual
9AC42182B1873BFC,electric_bike,1/1/2024 0:02,1/1/2024 0:10,,,,,41.89,-87.61,41.84,-87.61,casual
8D649A54FF0CC2D1,electric_bike,1/1/2024 0:20,1/1/2024 0:27,,,,,41.89,-87.62,41.88,-87.62,casual
76D05F5D2C3EA53B,electric_bike,1/1/2024 0:38,1/1/2024 0:41,,,,,41.93,-87.65,41.92,-87.64,casual
2EA0A8AF27858D14,electric_bike,1/1/2024 0:38,1/1/2024 0:41,,,,,41.89,-87.62,41.89,-87.62,casual
A98F9F43F3A1DF22,electric_bike,1/1/2024 0:09,1/1/2024 0:26,,,,,41.88,-87.63,41.91,-87.62,casual
F9034E58308A8F08,electric_bike,1/1/2024 0:03,1/1/2024 0:04,,,,,42,-87.66,42.01,-87.66,casual
C6EB1797FCFAD4C4,electric_bike,1/1/2024 0:22,1/1/2024 0:27,,,,,41.99,-87.68,42,-87.67,casual
CCDA88AD3B720103,electric_bike,1/1/2024 0:25,1/1/2024 0:29,,,,,41.99,-87.68,42,-87.67,casual
FAA8B7727CC9DE9D,electric_bike,1/1/2024 0:34,1/1/2024 0:36,,,,,42,-87.67,41.99,-87.68,casual
EE9F2E3EE449F1CA,electric_bike,1/1/2024 0:02,1/1/2024 0:29,,,,,42,-87.66,41.98,-87.67,casual
445B893257F5B09C,electric_bike,1/1/2024 0:06,1/1/2024 0:14,,,,,41.95,-87.65,41.96,-87.67,casual
4319A20A6E8170B8,electric_bike,1/1/2024 0:18,1/1/2024 0:22,,,,,41.96,-87.67,41.95,-87.67,casual
A4E05ADB3017C86D,electric_bike,1/1/2024 0:11,1/1/2024 0:13,,,,,41.91,-87.62,41.91,-87.62,casual
B85981EFD41F995E,electric_bike,1/1/2024 0:16,1/1/2024 0:27,,,,,41.93,-87.65,41.9,-87.67,casual
40AFF95DCEBEEF8C,electric_bike,1/1/2024 0:18,1/1/2024 0:18,,,,,41.91,-87.63,41.91,-87.63,casual
6B1F6206083C9FF5,electric_bike,1/1/2024 0:11,1/1/2024 0:14,,,,,41.89,-87.63,41.88,-87.64,casual
29660F42C6EC1836,electric_bike,1/1/2024 0:13,1/1/2024 0:13,,,,,41.96,-87.66,41.96,-87.66,casual
8CA79A31485C3B97,electric_bike,1/1/2024 0:14,1/1/2024 0:21,,,,,41.96,-87.66,41.96,-87.65,casual
82B7A2985CDE183F,electric_bike,1/1/2024 0:18,1/1/2024 0:25,,,,,41.95,-87.65,41.96,-87.67,casual
A9D471F665EAE58B,electric_bike,1/1/2024 0:02,1/1/2024 0:33,,,,,41.92,-87.63,41.89,-87.6,casual
66BA5E6568C53FE1,electric_bike,1/1/2024 0:29,1/1/2024 0:38,,,,,41.92,-87.64,41.89,-87.64,casual
7F07D5AD6C989C9A,electric_bike,1/1/2024 0:32,1/1/2024 0:40,,,,,41.87,-87.68,41.9,-87.67,casual
D3AF7226EA880F99,electric_bike,1/1/2024 0:42,1/1/2024 0:35,,,,,41.91,-87.75,41.91,-87.76,casual
75D79D2A55D927E4,electric_bike,1/1/2024 0:35,1/1/2024 2:14,,,California Ave & Division St,13256,41.93,-87.71,41.903029,-87.697474,casual
98706087A8BE1F16,electric_bike,1/1/2024 0:12,1/1/2024 0:12,,,,,41.9,-87.63,41.9,-87.63,casual
844B878127142916,electric_bike,1/1/2024 0:12,1/1/2024 0:14,,,,,41.9,-87.63,41.89,-87.63,casual
CDF7618D4FC8E265,electric_bike,1/1/2024 0:24,1/1/2024 0:40,,,,,41.97,-87.66,42.02,-87.68,casual
DA6ACACF26645A46,electric_bike,1/1/2024 0:32,1/1/2024 0:02,,,,,41.8,-87.72,41.84,-87.72,casual
B8BD3D8EFFE4274E,electric_bike,1/1/2024 0:31,1/1/2024 0:31,,,,,41.8,-87.72,41.8,-87.72,casual
707F4ED8BBACC30C,electric_bike,1/1/2024 0:17,1/1/2024 0:26,,,,,41.89,-87.63,41.9,-87.67,casual
D4D201CD0739424A,electric_bike,1/1/2024 0:15,1/1/2024 0:19,,,,,41.95,-87.66,41.93,-87.65,casual
19EF6D5814B4B39B,electric_bike,1/1/2024 0:11,1/1/2024 0:17,,,,,41.91,-87.64,41.91,-87.62,casual
E431803D511F36C6,electric_bike,1/1/2024 0:32,1/1/2024 0:33,,,,,41.89,-87.67,41.89,-87.66,casual
E5EABBEB0B2EBE59,electric_bike,1/1/2024 0:31,1/1/2024 0:16,,,,,41.92,-87.63,41.98,-87.66,casual
F436D2A57D841D1C,electric_bike,1/1/2024 0:03,1/1/2024 0:08,,,,,41.88,-87.63,41.86,-87.63,member
DDFB2638BF7DA62A,electric_bike,1/1/2024 0:36,1/1/2024 0:38,,,,,41.88,-87.63,41.88,-87.63,member
238CF854F7B992AF,electric_bike,1/1/2024 0:06,1/1/2024 0:13,,,,,41.91,-87.66,41.91,-87.62,casual
34C064569C112C65,electric_bike,1/1/2024 0:20,1/1/2024 0:27,,,,,41.91,-87.62,41.91,-87.65,casual
7FB343563C9C62D6,electric_bike,1/1/2024 0:39,1/1/2024 0:00,,,,,41.91,-87.65,41.92,-87.66,casual
9B72E259B93DAFDF,electric_bike,1/1/2024 0:41,1/1/2024 0:08,,,,,41.94,-87.64,41.96,-87.64,casual
318ED143B761530A,electric_bike,1/1/2024 0:12,1/1/2024 0:16,,,,,41.93,-87.65,41.93,-87.66,casual
C2E06EE1C9C647EC,electric_bike,1/1/2024 0:35,1/1/2024 0:04,,,,,41.99,-87.67,41.96,-87.64,casual
A8D2784798AFE340,electric_bike,1/1/2024 0:31,1/1/2024 0:32,,,,,41.91,-87.63,41.91,-87.63,casual
98F9F0F985637B5A,electric_bike,1/1/2024 0:34,1/1/2024 0:38,,,,,41.92,-87.64,41.91,-87.63,casual
904FB64B99809040,electric_bike,1/1/2024 0:32,1/1/2024 0:39,,,,,41.91,-87.63,41.92,-87.64,casual
43B8C994879577AD,electric_bike,1/1/2024 0:29,1/1/2024 0:34,,,,,41.95,-87.67,41.95,-87.66,casual
9894A1EA36570B0C,electric_bike,1/1/2024 0:37,1/1/2024 0:02,,,,,41.91,-87.63,41.91,-87.63,casual
BF5E84505DE3AB61,electric_bike,1/1/2024 0:07,1/1/2024 0:08,,,,,41.91,-87.63,41.91,-87.63,casual
46745014FD5F50E8,electric_bike,1/1/2024 0:09,1/1/2024 0:15,,,,,41.93,-87.64,41.93,-87.66,casual
0671BA8A93447B57,electric_bike,1/1/2024 0:39,1/1/2024 0:02,,,,,41.93,-87.64,41.92,-87.63,casual
E7F09F7B216CB192,electric_bike,1/1/2024 0:20,1/1/2024 0:26,,,,,41.92,-87.63,41.93,-87.64,casual
923B34F2EEF2A94B,electric_bike,1/1/2024 0:12,1/1/2024 0:22,,,,,41.95,-87.65,41.97,-87.67,casual
D759288298061EF9,electric_bike,1/1/2024 0:11,1/1/2024 0:02,,,,,41.98,-87.67,41.89,-87.63,casual
B60079A80B0FFDFE,electric_bike,1/1/2024 0:27,1/1/2024 0:17,,,,,41.96,-87.64,41.91,-87.69,casual
94838F816820604B,electric_bike,1/1/2024 0:25,1/1/2024 0:31,,,,,41.92,-87.63,41.92,-87.64,casual
CFB302F2BE08B198,electric_bike,1/1/2024 0:07,1/1/2024 0:10,,,,,41.97,-87.69,41.97,-87.67,casual
467D7D1C7F7D8973,electric_bike,1/1/2024 0:14,1/1/2024 0:27,,,,,41.94,-87.67,41.97,-87.69,casual
9FE1D2CE7C2C4FC6,electric_bike,1/1/2024 0:15,1/1/2024 0:19,,,,,41.97,-87.67,41.97,-87.69,casual
C8E00E7D6A358523,electric_bike,1/1/2024 0:18,1/1/2024 0:20,,,,,41.89,-87.65,41.89,-87.65,casual
28DAE6CE47C4EA48,electric_bike,1/1/2024 0:26,1/1/2024 0:33,,,,,41.93,-87.64,41.91,-87.63,casual
F28AF1F889BB1FE2,electric_bike,1/1/2024 0:30,1/1/2024 0:31,,,,,41.89,-87.63,41.89,-87.63,casual
823F0B3F5F8191A6,electric_bike,1/1/2024 0:09,1/1/2024 0:26,,,,,41.9,-87.66,41.93,-87.65,casual
5284F26AAF8E2F95,electric_bike,1/1/2024 0:13,1/1/2024 0:23,,,,,41.93,-87.65,41.9,-87.66,casual
F1DE74DD8271E9FF,electric_bike,1/1/2024 0:30,1/1/2024 0:06,,,,,41.89,-87.65,41.91,-87.71,casual
0004EEFC3D975063,electric_bike,1/1/2024 0:23,1/1/2024 0:23,,,,,41.92,-87.64,41.92,-87.64,casual
A8046A1968E8B589,electric_bike,1/1/2024 0:40,1/1/2024 0:04,,,,,41.93,-87.65,41.94,-87.65,casual
BE1B17A88D9A1389,electric_bike,1/1/2024 0:20,1/1/2024 0:01,,,,,41.91,-87.69,41.98,-87.67,casual
3D0CC4981980A7AB,electric_bike,1/1/2024 0:15,1/1/2024 0:19,,,,,41.79,-87.6,41.8,-87.59,casual
A9ED9E9DEB124D34,electric_bike,1/1/2024 0:10,1/1/2024 0:17,,,California Ave & Milwaukee Ave,13084,41.91,-87.67,41.922695,-87.697153,casual
BA034E9FF32EDEB1,electric_bike,1/1/2024 0:04,1/1/2024 0:12,,,,,41.88,-87.63,41.89,-87.66,casual
47A3AB74B85A274C,electric_bike,1/1/2024 0:27,1/1/2024 0:27,,,,,41.91,-87.62,41.91,-87.62,casual
A36CA63BD59CC8D6,electric_bike,1/1/2024 0:28,1/1/2024 0:20,,,,,41.91,-87.62,41.91,-87.63,casual
7BB2CECEAB083ECE,electric_bike,1/1/2024 0:17,1/1/2024 0:20,,,,,41.97,-87.65,41.95,-87.65,casual
C9A89BE833C0F042,electric_bike,1/1/2024 0:20,1/1/2024 0:25,,,,,41.97,-87.64,41.95,-87.64,casual
4E3AF2F9C8DE6ABA,electric_bike,1/1/2024 0:19,1/1/2024 0:20,,,,,41.97,-87.64,41.97,-87.64,casual
41BB2C93B2920003,electric_bike,1/1/2024 0:05,1/1/2024 0:10,,,,,41.9,-87.69,41.91,-87.68,casual
A0C3E25B08B95170,electric_bike,1/1/2024 0:13,1/1/2024 0:29,,,,,41.92,-87.68,41.97,-87.69,casual
0FB8E40AB46C9610,electric_bike,1/1/2024 0:33,1/1/2024 0:40,,,,,42.05,-87.68,42.05,-87.67,casual
3D76AF92953C694E,electric_bike,1/1/2024 0:11,1/1/2024 0:16,,,,,42.06,-87.68,42.05,-87.67,casual
61D097DC23A5A0D8,electric_bike,1/1/2024 0:33,1/1/2024 0:36,,,,,42.05,-87.67,42.06,-87.68,casual
F2727DC63B4A1EB9,electric_bike,1/1/2024 0:04,1/1/2024 0:09,,,,,42.05,-87.68,42.05,-87.68,casual
D10FE4E6C4D741D8,electric_bike,1/1/2024 0:14,1/1/2024 0:19,,,,,42.05,-87.67,42.05,-87.67,casual
0A1ED7EB8487373F,electric_bike,1/1/2024 0:10,1/1/2024 0:31,,,,,41.92,-87.64,41.89,-87.63,casual
AC1DDC3C20111B00,electric_bike,1/1/2024 0:23,1/1/2024 0:23,,,,,41.86,-87.71,41.86,-87.71,casual
3588D9776AE3513C,electric_bike,1/1/2024 0:26,1/1/2024 0:27,,,,,41.91,-87.63,41.91,-87.63,casual
022A0F8A3F631B97,electric_bike,1/1/2024 0:24,1/1/2024 0:30,,,,,41.92,-87.63,41.93,-87.64,casual
061B6D6EC4A4149F,electric_bike,1/1/2024 0:41,1/1/2024 0:06,,,,,41.92,-87.7,41.92,-87.69,casual
02F4E38B1C05E83F,electric_bike,1/1/2024 0:06,1/1/2024 0:17,,,,,41.86,-87.65,41.89,-87.66,casual
ADC4C4E462D5D462,electric_bike,1/1/2024 0:27,1/1/2024 0:29,,,,,41.94,-87.68,41.94,-87.68,casual
4A797D97DB6AE8FF,electric_bike,1/1/2024 0:36,1/1/2024 0:33,,,,,41.89,-87.62,41.89,-87.61,casual
E4653F888BE17EBE,electric_bike,1/1/2024 0:11,1/1/2024 0:16,,,,,41.8,-87.58,41.8,-87.59,casual
D29C023E6F4D8DF5,electric_bike,1/1/2024 0:10,1/1/2024 0:10,,,,,41.8,-87.58,41.8,-87.58,casual
0B99C09B94E89DC6,electric_bike,1/1/2024 0:03,1/1/2024 0:11,,,,,41.93,-87.63,41.94,-87.66,casual
3518608222011B2B,electric_bike,1/1/2024 0:29,1/1/2024 0:37,,,,,41.94,-87.64,41.96,-87.65,casual
BFB07829AB31CB59,electric_bike,1/1/2024 0:38,1/1/2024 0:04,,,,,41.94,-87.67,41.93,-87.66,casual
F868888E1BC44ED2,electric_bike,1/1/2024 0:39,1/1/2024 0:39,,,,,41.91,-87.67,41.91,-87.67,casual
EB84CDD0E1CB1FCF,electric_bike,1/1/2024 0:20,1/1/2024 0:28,,,,,41.95,-87.65,41.98,-87.65,casual
5892C8D10CCA8ADB,electric_bike,1/1/2024 0:35,1/1/2024 0:36,,,,,41.97,-87.66,41.97,-87.66,casual
9A9FA18BC114731E,electric_bike,1/1/2024 0:05,1/1/2024 0:06,,,,,41.96,-87.67,41.96,-87.67,casual
4348086ED1DCEC2C,electric_bike,1/1/2024 0:26,1/1/2024 0:32,,,,,41.99,-87.66,42.01,-87.66,casual
609290AC88DBE4DC,electric_bike,1/1/2024 0:03,1/1/2024 0:09,,,,,42.01,-87.66,42,-87.66,casual
FC7C2906650199EB,electric_bike,1/1/2024 0:12,1/1/2024 0:16,,,,,41.91,-87.64,41.9,-87.63,casual
78A61122AFA19679,electric_bike,1/1/2024 0:02,1/1/2024 0:02,,,,,41.92,-87.63,41.92,-87.63,casual
5218C133276220F7,electric_bike,1/1/2024 0:02,1/1/2024 0:13,,,,,41.92,-87.63,41.97,-87.64,casual
D71B5D5F80332C36,electric_bike,1/1/2024 0:03,1/1/2024 0:14,,,,,41.88,-87.63,41.92,-87.64,casual
7430C34ECDA08B64,electric_bike,1/1/2024 0:33,1/1/2024 0:02,,,,,41.96,-87.68,41.96,-87.64,casual
9662F0C953435A93,electric_bike,1/1/2024 0:12,1/1/2024 0:15,,,,,41.92,-87.69,41.93,-87.7,casual
2EE1E9A992DB51B7,electric_bike,1/1/2024 0:05,1/1/2024 0:09,,,,,41.94,-87.66,41.94,-87.67,casual
CEB0C26AFD6188F5,electric_bike,1/1/2024 0:01,1/1/2024 0:13,,,,,41.95,-87.65,41.97,-87.69,casual
8B33FF11E65B1746,electric_bike,1/1/2024 0:38,1/1/2024 0:07,,,,,41.92,-87.65,41.91,-87.63,casual
8FE8DF405A17FF49,electric_bike,1/1/2024 0:07,1/1/2024 0:32,,,,,41.94,-87.64,41.9,-87.63,casual
0703903F92D9BD12,electric_bike,1/1/2024 0:21,1/1/2024 0:01,,,,,41.98,-87.69,41.92,-87.71,casual
08C46349C25B05A6,electric_bike,1/1/2024 0:29,1/1/2024 0:42,,,,,41.89,-87.62,41.9,-87.62,casual
4377F7036B3CB5EB,electric_bike,1/1/2024 0:03,1/1/2024 0:17,,,,,41.95,-87.64,41.91,-87.64,casual
64E9CECE05F6F23E,electric_bike,1/1/2024 0:30,1/1/2024 0:30,,,,,41.9,-87.67,41.9,-87.67,casual
8F94E2714521DC30,electric_bike,1/1/2024 0:14,1/1/2024 0:18,,,,,41.92,-87.64,41.92,-87.64,casual
07CE7B10E310E9A3,electric_bike,1/1/2024 0:10,1/1/2024 0:15,,,,,41.88,-87.63,41.9,-87.63,casual
BED4DA34EC838546,electric_bike,1/1/2024 0:35,1/1/2024 0:40,,,,,41.98,-87.65,41.98,-87.67,casual
DD70223493A92072,electric_bike,1/1/2024 0:06,1/1/2024 0:16,,,,,41.9,-87.67,41.92,-87.69,casual
866A3A6C18C910D0,electric_bike,1/1/2024 0:20,1/1/2024 0:25,,,,,41.85,-87.72,41.86,-87.72,casual
3CB9D90B6BCE5741,electric_bike,1/1/2024 0:05,1/1/2024 0:13,,,,,41.86,-87.72,41.85,-87.72,casual
4BF489270DE13448,electric_bike,1/1/2024 0:15,1/1/2024 0:15,,,,,41.99,-87.69,41.99,-87.69,casual
8C4D2C6D20AFF034,electric_bike,1/1/2024 0:35,1/1/2024 0:04,,,,,41.92,-87.63,41.93,-87.63,casual
AF6229573A5AE7F2,electric_bike,1/1/2024 0:28,1/1/2024 0:32,,,,,42,-87.76,41.99,-87.76,member
024688949CF8340E,electric_bike,1/1/2024 0:34,1/1/2024 0:34,,,,,41.89,-87.64,41.89,-87.64,member
B381D74A76D43DF5,electric_bike,1/1/2024 0:26,1/1/2024 0:35,,,,,41.92,-87.67,41.91,-87.63,casual
0E2E55F0C295D22B,electric_bike,1/1/2024 0:04,1/1/2024 0:15,,,,,41.98,-87.7,41.99,-87.71,casual
B2CDD911521070D9,electric_bike,1/1/2024 0:17,1/1/2024 0:40,,,,,41.91,-87.7,41.93,-87.63,casual
75DFB7A4E5D03148,electric_bike,1/1/2024 0:36,1/1/2024 0:40,,,,,41.92,-87.65,41.91,-87.65,casual
EFC29C1FB1CD171E,electric_bike,1/1/2024 0:26,1/1/2024 0:39,,,,,41.93,-87.79,41.94,-87.79,casual
896DD9CF94C47381,electric_bike,1/1/2024 0:38,1/1/2024 0:02,,,,,41.96,-87.67,41.95,-87.66,casual
BB039BF7FB0ECBD4,electric_bike,1/1/2024 0:38,1/1/2024 0:03,,,,,41.97,-87.69,41.97,-87.67,casual
1EA987D321141A37,electric_bike,1/1/2024 0:16,1/1/2024 0:20,,,,,41.97,-87.67,41.97,-87.69,casual
F74B48A32480CAE1,electric_bike,1/1/2024 0:15,1/1/2024 0:19,,,,,42.01,-87.66,42,-87.67,casual
C60A3DFA4DBBCBF2,electric_bike,1/1/2024 0:35,1/1/2024 0:41,,,,,41.92,-87.66,41.93,-87.65,casual
04EC9ADFF90D988A,electric_bike,1/1/2024 0:18,1/1/2024 0:19,,,,,41.94,-87.64,41.94,-87.64,casual
B979CAC80572994C,electric_bike,1/1/2024 0:20,1/1/2024 0:22,,,,,41.94,-87.64,41.94,-87.64,casual
B97C237EDE5A686C,electric_bike,1/1/2024 0:04,1/1/2024 0:30,,,,,41.91,-87.62,41.95,-87.66,casual
00BAD1987C30B9E9,electric_bike,1/1/2024 0:02,1/1/2024 0:07,,,,,41.95,-87.66,41.95,-87.68,casual
30795CD423C183B6,electric_bike,1/1/2024 0:00,1/1/2024 0:04,,,,,41.92,-87.63,41.93,-87.65,casual
F586F6D1E999E40E,electric_bike,1/1/2024 0:06,1/1/2024 0:11,,,,,41.93,-87.64,41.92,-87.63,casual
3DFB1366DF035F14,electric_bike,1/1/2024 0:22,1/1/2024 0:28,,,,,41.94,-87.65,41.96,-87.65,casual
6E5DFF59191A7BEF,electric_bike,1/1/2024 0:20,1/1/2024 0:00,,,,,41.91,-87.63,41.95,-87.65,casual
36F6D3D2E159F89B,electric_bike,1/1/2024 0:20,1/1/2024 0:21,,,,,41.91,-87.63,41.91,-87.63,casual
D3F94870C848DBE4,electric_bike,1/1/2024 0:22,1/1/2024 0:25,,,,,41.72,-87.64,41.72,-87.62,casual
83092AA056E01D64,electric_bike,1/1/2024 0:36,1/1/2024 0:37,,,,,41.89,-87.77,41.89,-87.77,casual
26FBB615892620CD,electric_bike,1/1/2024 0:28,1/1/2024 0:37,,,,,41.93,-87.68,41.94,-87.65,casual
FDD74AB5698B0DC0,electric_bike,1/1/2024 0:32,1/1/2024 0:41,,,,,41.92,-87.63,41.91,-87.63,casual
ADDD48739E126C38,electric_bike,1/1/2024 0:36,1/1/2024 0:11,,,,,41.99,-87.65,41.93,-87.63,casual
6621B17B2AC21DF0,electric_bike,1/1/2024 0:35,1/1/2024 0:02,,,,,41.93,-87.65,41.9,-87.63,casual
B5C52B84AF073D00,electric_bike,1/1/2024 0:34,1/1/2024 0:23,,,,,41.96,-87.72,41.98,-87.68,casual
F436D8B5041F9FDB,electric_bike,1/1/2024 0:01,1/1/2024 0:08,,,,,41.91,-87.63,41.92,-87.65,casual
DA84C299035FC1D7,electric_bike,1/1/2024 0:03,1/1/2024 0:05,,,,,41.98,-87.68,41.98,-87.69,casual
59EA24BBBE7B8464,electric_bike,1/1/2024 0:26,1/1/2024 0:31,,,,,41.98,-87.69,41.98,-87.68,casual
29009CE492FDD557,electric_bike,1/1/2024 0:10,1/1/2024 0:13,,,,,42.06,-87.7,42.06,-87.72,casual
35477A7198019BFB,electric_bike,1/1/2024 0:37,1/1/2024 0:40,,,,,42.06,-87.72,42.06,-87.7,casual
B38AB576C90CE9D3,electric_bike,1/1/2024 0:29,1/1/2024 0:29,,,,,41.97,-87.66,41.97,-87.66,casual
CA5A196544D5FE65,electric_bike,1/1/2024 0:31,1/1/2024 0:37,,,,,41.97,-87.66,41.98,-87.65,casual
9302F77DBE9F2962,electric_bike,1/1/2024 0:39,1/1/2024 0:07,,,,,41.91,-87.62,41.94,-87.64,casual
7F7198FEB7F8F34A,electric_bike,1/1/2024 0:34,1/1/2024 0:02,,,,,41.93,-87.66,41.9,-87.68,casual
A3F9095C761C1DD4,electric_bike,1/1/2024 0:22,1/1/2024 0:33,,,,,41.91,-87.62,41.93,-87.65,casual
0D5B50F85AD42D83,electric_bike,1/1/2024 0:03,1/1/2024 0:15,,,,,41.93,-87.65,41.91,-87.63,casual
79CCCFB8AE4D10F8,electric_bike,1/1/2024 0:02,1/1/2024 0:06,,,,,41.92,-87.63,41.91,-87.63,casual
9431C2A519382E71,electric_bike,1/1/2024 0:40,1/1/2024 0:13,,,,,41.87,-87.62,41.88,-87.65,casual
95343B75CEAE032A,electric_bike,1/1/2024 0:39,1/1/2024 0:39,,,,,41.87,-87.62,41.87,-87.62,casual
87D9702D47FFE590,electric_bike,1/1/2024 0:26,1/1/2024 0:40,,,,,41.95,-87.68,41.98,-87.66,casual
7BD27FB25A79C136,electric_bike,1/1/2024 0:12,1/1/2024 0:13,,,,,41.93,-87.66,41.93,-87.66,casual
8B492DD7AA5C7D26,electric_bike,1/1/2024 0:13,1/1/2024 0:17,,,,,41.93,-87.66,41.93,-87.64,casual
8FF3FA1567D8A182,electric_bike,1/1/2024 0:37,1/1/2024 0:06,,,,,41.91,-87.63,41.93,-87.64,casual
6D384D89F77503D6,electric_bike,1/1/2024 0:24,1/1/2024 0:30,,,,,41.91,-87.68,41.93,-87.7,casual
D8CE66CB5AD23C7A,electric_bike,1/1/2024 0:11,1/1/2024 0:11,,,,,41.91,-87.68,41.91,-87.68,casual
E3092B9025D7C78C,electric_bike,1/1/2024 0:12,1/1/2024 0:24,,,,,41.91,-87.68,41.94,-87.65,casual
B8D55DA1FD3119B8,electric_bike,1/1/2024 0:03,1/1/2024 0:09,,,,,41.89,-87.62,41.88,-87.64,casual
BA1A28F7FE2E4789,electric_bike,1/1/2024 0:25,1/1/2024 0:40,,,,,41.91,-87.63,41.92,-87.64,casual
13682489925FBFD2,electric_bike,1/1/2024 0:27,1/1/2024 0:26,,,,,41.94,-87.65,41.94,-87.65,casual
6AF0B89148B4D042,electric_bike,1/1/2024 0:28,1/1/2024 0:41,,,,,41.94,-87.65,41.91,-87.67,casual
60F82DCA1B87F7FA,electric_bike,1/1/2024 0:08,1/1/2024 0:27,,,,,41.95,-87.64,41.96,-87.65,casual
926AD3DF776ED130,electric_bike,1/1/2024 0:27,1/1/2024 0:28,,,,,41.68,-87.65,41.68,-87.65,casual
02519FDC9632DF26,electric_bike,1/1/2024 0:28,1/1/2024 0:28,,,,,41.68,-87.65,41.71,-87.64,casual
0202F1A26434E056,electric_bike,1/1/2024 0:18,1/1/2024 0:24,,,,,41.98,-87.66,41.99,-87.67,casual
5883D6881856CC8B,electric_bike,1/1/2024 0:13,1/1/2024 0:13,,,,,41.94,-87.65,41.94,-87.64,casual
0F8D0E070086C966,electric_bike,1/1/2024 0:31,1/1/2024 0:32,,,,,41.9,-87.62,41.9,-87.62,casual
A2BA108E3F4A4DE6,electric_bike,1/1/2024 0:32,1/1/2024 0:03,,,,,41.9,-87.62,41.9,-87.62,casual
6C2C1E0FB0F31FE4,electric_bike,1/1/2024 0:11,1/1/2024 0:18,,,,,41.9,-87.62,41.89,-87.61,casual
1B4581F3BA2E191E,electric_bike,1/1/2024 0:00,1/1/2024 0:08,,,,,41.88,-87.62,41.87,-87.62,casual
1127507E61864074,electric_bike,1/1/2024 0:33,1/1/2024 0:38,,,,,41.94,-87.68,41.94,-87.69,casual
0AC52A0840B38C53,electric_bike,1/1/2024 0:25,1/1/2024 0:31,,,,,41.92,-87.65,41.94,-87.65,casual
D08BB92FD17675FC,electric_bike,1/1/2024 0:17,1/1/2024 0:21,,,,,41.78,-87.75,41.79,-87.74,casual
8E7BFBF1FEE276F8,electric_bike,1/1/2024 0:41,1/1/2024 0:10,,,,,41.78,-87.75,41.8,-87.75,casual
97755ED4F639293D,electric_bike,1/1/2024 0:29,1/1/2024 0:32,,,,,41.79,-87.74,41.78,-87.75,casual
05FC3F2B5F9D4690,electric_bike,1/1/2024 0:19,1/1/2024 0:19,,,,,41.92,-87.63,41.92,-87.63,casual
06A4D8941F67513A,electric_bike,1/1/2024 0:33,1/1/2024 0:33,,,,,41.91,-87.63,41.91,-87.63,casual
0186A7DC37718854,electric_bike,1/1/2024 0:33,1/1/2024 0:38,,,,,41.91,-87.63,41.92,-87.65,casual
5B0C572B4AB9C414,electric_bike,1/1/2024 0:15,1/1/2024 0:30,,,,,41.91,-87.62,41.89,-87.63,casual
65218541C6152FE6,electric_bike,1/1/2024 0:01,1/1/2024 0:34,,,,,41.94,-87.63,41.79,-87.59,casual
E0D8B693CF9FDE1F,electric_bike,1/1/2024 0:18,1/1/2024 0:00,,,,,42.04,-87.68,41.94,-87.63,casual
E26A45A05D17352D,electric_bike,1/1/2024 0:28,1/1/2024 0:28,,,,,41.86,-87.61,41.86,-87.61,casual
C42691ACAD97A462,electric_bike,1/1/2024 0:30,1/1/2024 0:12,,,,,41.86,-87.61,41.91,-87.63,casual
DC3343C52F6D91E4,electric_bike,1/1/2024 0:05,1/1/2024 0:11,,,,,41.9,-87.63,41.9,-87.64,casual
17BD4C6F78F2D7EA,electric_bike,1/1/2024 0:15,1/1/2024 0:20,,,,,41.9,-87.64,41.9,-87.63,casual
C9DDE32C86D51276,electric_bike,1/1/2024 0:19,1/1/2024 0:35,,,,,41.93,-87.71,41.89,-87.66,casual
3530B13F21769BE2,electric_bike,1/1/2024 0:39,1/1/2024 0:01,,,,,41.91,-87.63,41.93,-87.64,casual
FB525A3C1BB9C2BF,electric_bike,1/1/2024 0:40,1/1/2024 0:08,,,,,41.94,-87.66,41.92,-87.68,casual
72D3D2332CD58CAF,electric_bike,1/1/2024 0:05,1/1/2024 0:14,,,,,41.97,-87.64,41.95,-87.65,casual
050B9294EF3AC21C,electric_bike,1/1/2024 0:19,1/1/2024 0:18,,,,,41.94,-87.64,41.94,-87.64,casual
518B5128F50D15E1,electric_bike,1/1/2024 0:19,1/1/2024 0:40,,,,,41.94,-87.64,41.97,-87.64,casual
786329656AD6FFF7,electric_bike,1/1/2024 0:37,1/1/2024 0:03,,,,,41.92,-87.66,41.91,-87.63,casual
EEE2682B2366C4F2,electric_bike,1/1/2024 0:26,1/1/2024 0:29,,,,,41.77,-87.64,41.77,-87.63,casual
6D94B91DCF53AE3D,electric_bike,1/1/2024 0:40,1/1/2024 0:01,,,,,41.77,-87.63,41.77,-87.64,casual
A0A742B69DD71D1D,electric_bike,1/1/2024 0:36,1/1/2024 0:38,,,,,41.77,-87.63,41.77,-87.63,casual
C9F9418D31E105B9,electric_bike,1/1/2024 0:05,1/1/2024 0:14,,,,,41.91,-87.68,41.92,-87.65,casual
D92D4AA27BE777BC,electric_bike,1/1/2024 0:00,1/1/2024 0:02,,,,,41.91,-87.63,41.91,-87.63,casual
D44FE6D486BC04E2,electric_bike,1/1/2024 0:04,1/1/2024 0:04,,,,,41.91,-87.63,41.91,-87.62,casual
1B71887E02109455,electric_bike,1/1/2024 0:15,1/1/2024 0:26,,,,,41.98,-87.65,41.95,-87.68,casual
9BCB679847D64256,electric_bike,1/1/2024 0:27,1/1/2024 0:27,,,,,41.9,-87.65,41.9,-87.65,casual
22811D66B48B0471,electric_bike,1/1/2024 0:28,1/1/2024 0:28,,,,,41.9,-87.65,41.9,-87.65,casual
950F95E25088B362,electric_bike,1/1/2024 0:14,1/1/2024 0:17,,,,,41.95,-87.65,41.94,-87.64,casual
C93EBEF9CF4E2263,electric_bike,1/1/2024 0:09,1/1/2024 0:13,,,,,41.98,-87.67,41.98,-87.68,casual
50209C98925900FC,electric_bike,1/1/2024 0:13,1/1/2024 0:15,,,,,41.98,-87.68,41.98,-87.67,casual
874C427DE7990534,electric_bike,1/1/2024 0:25,1/1/2024 0:26,,,,,41.98,-87.67,41.98,-87.67,casual
472B38E531689068,electric_bike,1/1/2024 0:29,1/1/2024 0:34,,,,,41.93,-87.65,41.91,-87.65,casual
F2F425FD6B751032,electric_bike,1/1/2024 0:00,1/1/2024 0:03,,,,,41.92,-87.65,41.93,-87.65,casual
BC979B0A0FEC47B5,electric_bike,1/1/2024 0:16,1/1/2024 0:25,,,,,41.92,-87.71,41.9,-87.67,casual
F039A42BD1CD6777,electric_bike,1/1/2024 0:31,1/1/2024 0:12,,,,,41.95,-87.68,41.94,-87.71,casual
185B46199EE75BEB,electric_bike,1/1/2024 0:16,1/1/2024 0:19,,,,,41.76,-87.74,41.75,-87.73,casual
114FBF38A64A3E81,electric_bike,1/1/2024 0:32,1/1/2024 0:36,,,,,41.75,-87.73,41.76,-87.74,casual
B6178DEF04C9A368,electric_bike,1/1/2024 0:36,1/1/2024 0:36,,,,,41.91,-87.63,41.91,-87.63,casual
51193CAD1D32C3E2,electric_bike,1/1/2024 0:36,1/1/2024 0:05,,,,,41.91,-87.63,41.93,-87.64,casual
E9445BE4F4366171,electric_bike,1/1/2024 0:38,1/1/2024 0:01,,,,,41.92,-87.63,41.92,-87.64,casual
101A9B1B7A892DB3,electric_bike,1/1/2024 0:39,1/1/2024 0:39,,,,,41.8,-87.59,41.8,-87.59,casual
6B0A42AEDC8E9880,electric_bike,1/1/2024 0:41,1/1/2024 0:13,,,,,41.92,-87.63,41.89,-87.64,casual
1DA83847D6B2224F,electric_bike,1/1/2024 0:26,1/1/2024 0:32,,,,,41.91,-87.62,41.89,-87.61,casual
96BA9E30ABDCEC42,electric_bike,1/1/2024 0:25,1/1/2024 0:37,,,,,41.9,-87.63,41.93,-87.64,casual
F1FA91C52E4CFC51,electric_bike,1/1/2024 0:33,1/1/2024 0:07,,,,,41.93,-87.66,41.93,-87.64,casual
2B7006AF19A15001,electric_bike,1/1/2024 0:23,1/1/2024 0:30,,,,,41.8,-87.71,41.8,-87.71,casual
E48CAF17D8BE3FD6,electric_bike,1/1/2024 0:13,1/1/2024 0:16,,,,,41.8,-87.71,41.8,-87.69,casual
3E60F03AB20C6FF3,electric_bike,1/1/2024 0:30,1/1/2024 0:32,,,,,42.01,-87.67,42.01,-87.67,casual
E40EF4CDD19D8005,electric_bike,1/1/2024 0:11,1/1/2024 0:12,,,,,42.01,-87.67,42.01,-87.67,casual
60A78ED75A963E62,electric_bike,1/1/2024 0:38,1/1/2024 0:39,,,,,41.93,-87.7,41.93,-87.7,casual
AE9745B8345480DA,electric_bike,1/1/2024 0:39,1/1/2024 0:06,,,,,41.93,-87.7,41.91,-87.67,casual
44537AD8DE16738D,electric_bike,1/1/2024 0:13,1/1/2024 0:17,,,,,41.91,-87.64,41.91,-87.63,casual
89F5844152DDE6EC,electric_bike,1/1/2024 0:21,1/1/2024 0:24,,,,,41.91,-87.63,41.91,-87.63,casual
2588F54F7AF18967,electric_bike,1/1/2024 0:35,1/1/2024 0:06,,,,,41.91,-87.68,41.9,-87.68,casual
634533BA2D459E52,electric_bike,1/1/2024 0:16,1/1/2024 0:19,,,,,41.94,-87.69,41.95,-87.67,casual
DA25B4BDDEB971A0,electric_bike,1/1/2024 0:13,1/1/2024 0:25,,,,,41.91,-87.63,41.91,-87.7,casual
3A4EA0147F24A7D3,electric_bike,1/1/2024 0:17,1/1/2024 0:24,,,,,41.93,-87.66,41.93,-87.64,casual
0BEE08D907DAF944,electric_bike,1/1/2024 0:12,1/1/2024 0:19,,,,,41.99,-87.67,41.97,-87.66,casual
322E2F0578FFD5B7,electric_bike,1/1/2024 0:41,1/1/2024 0:04,,,,,42.06,-87.67,42.06,-87.68,casual
D1E43F67D7181BD2,electric_bike,1/1/2024 0:31,1/1/2024 0:34,,,,,42.06,-87.67,42.05,-87.68,casual
7B8457812554D639,electric_bike,1/1/2024 0:39,1/1/2024 0:05,,,,,42.06,-87.72,42.06,-87.67,casual
824C9CDB31F61AE5,electric_bike,1/1/2024 0:14,1/1/2024 0:14,,,,,41.94,-87.67,41.94,-87.67,casual
6143823E2947D77F,electric_bike,1/1/2024 0:07,1/1/2024 0:10,,,,,41.94,-87.65,41.94,-87.65,casual
A8EC69AC0FDD38DC,electric_bike,1/1/2024 0:06,1/1/2024 0:08,,,,,41.95,-87.67,41.95,-87.68,casual
4F421BF385747619,electric_bike,1/1/2024 0:03,1/1/2024 0:04,,,,,41.88,-87.65,41.88,-87.65,casual
9116F51E08E944FF,electric_bike,1/1/2024 0:04,1/1/2024 0:15,,,,,41.88,-87.65,41.94,-87.64,casual
E0E4837A5D9A602C,electric_bike,1/1/2024 0:12,1/1/2024 0:21,,,,,42,-87.69,41.98,-87.67,casual
2DF381DE53401A4E,electric_bike,1/1/2024 0:07,1/1/2024 0:15,,,,,41.91,-87.63,41.9,-87.62,casual
DFF85A0BA6991EDD,electric_bike,1/1/2024 0:02,1/1/2024 0:03,,,,,41.89,-87.62,41.89,-87.62,casual
FA9AD557C947D4DC,electric_bike,1/1/2024 0:01,1/1/2024 0:01,,,,,41.89,-87.62,41.89,-87.62,casual
ADFD36EE6B447828,electric_bike,1/1/2024 0:20,1/1/2024 0:20,,,,,41.96,-87.64,41.96,-87.64,casual
24AB1D5BCCD3235F,electric_bike,1/1/2024 0:21,1/1/2024 0:39,,,,,41.96,-87.64,41.92,-87.63,casual
A845A75E31094771,electric_bike,1/1/2024 0:09,1/1/2024 0:16,,,,,41.92,-87.63,41.94,-87.64,casual
BA3333D0C0ACD9C9,electric_bike,1/1/2024 0:22,1/1/2024 0:34,,,,,41.98,-87.66,41.98,-87.66,casual
222C5E491CB3CCCE,electric_bike,1/1/2024 0:09,1/1/2024 0:19,,,,,41.93,-87.7,41.96,-87.7,casual
64A146294CFD1BD0,electric_bike,1/1/2024 0:08,1/1/2024 0:09,,,,,41.93,-87.7,41.93,-87.7,casual
938809B3C8DD79E0,electric_bike,1/1/2024 0:21,1/1/2024 0:29,,,,,42.03,-87.68,42.04,-87.68,casual
70451F3FC532F83A,electric_bike,1/1/2024 0:40,1/1/2024 0:41,,,,,42.04,-87.68,42.04,-87.68,casual
8571BD285967FB3B,electric_bike,1/1/2024 0:41,1/1/2024 0:05,,,,,42.04,-87.68,42.03,-87.68,casual
81977049B869C2B6,electric_bike,1/1/2024 0:21,1/1/2024 0:24,,,,,41.91,-87.63,41.91,-87.63,casual
5A6D3566268F0EB2,electric_bike,1/1/2024 0:34,1/1/2024 0:40,,,,,41.91,-87.67,41.9,-87.69,casual
B790E14D5087933E,electric_bike,1/1/2024 0:37,1/1/2024 0:11,,,,,41.94,-87.65,41.91,-87.67,casual
9DF8145E0448654B,electric_bike,1/1/2024 0:39,1/1/2024 0:38,,,,,41.87,-87.62,41.87,-87.62,casual
6141FBFC29BE14EB,electric_bike,1/1/2024 0:18,1/1/2024 0:03,,,,,41.96,-87.64,42,-87.71,casual
AF955785882087E8,electric_bike,1/1/2024 0:22,1/1/2024 0:26,,,,,41.94,-87.64,41.94,-87.66,casual
3841BCD1E61970DB,electric_bike,1/1/2024 0:25,1/1/2024 0:26,,,,,41.92,-87.64,41.92,-87.64,casual
34B0D3D45D2496F4,electric_bike,1/1/2024 0:22,1/1/2024 0:26,,,,,41.93,-87.64,41.94,-87.65,casual
C06F9DD0DD99D0D4,electric_bike,1/1/2024 0:40,1/1/2024 0:06,,,,,41.93,-87.64,41.92,-87.63,casual
BCD4EE66BCF106C2,electric_bike,1/1/2024 0:19,1/1/2024 0:33,,,,,41.92,-87.63,41.93,-87.65,casual
AE69B0E92E7B54FB,electric_bike,1/1/2024 0:02,1/1/2024 0:10,,,,,41.91,-87.63,41.89,-87.61,casual
BAB7DF92ACB1ADFC,electric_bike,1/1/2024 0:03,1/1/2024 0:10,,,,,41.91,-87.62,41.89,-87.61,casual
A1E00D3F1BBEAC27,electric_bike,1/1/2024 0:37,1/1/2024 0:00,,,,,41.91,-87.63,41.91,-87.62,casual
F6A74918AA05D8FF,electric_bike,1/1/2024 0:00,1/1/2024 0:04,,,,,41.94,-87.65,41.96,-87.66,casual
C703EDF0A5161FF9,electric_bike,1/1/2024 0:39,1/1/2024 0:11,,,,,41.98,-87.69,41.96,-87.67,casual
6265082DC44C9B5F,electric_bike,1/1/2024 0:40,1/1/2024 0:02,,,,,41.88,-87.67,41.88,-87.65,casual
A7622405B90357F9,electric_bike,1/1/2024 0:05,1/1/2024 0:07,,,,,41.88,-87.64,41.88,-87.64,casual
BC22E97B1C1A9E90,electric_bike,1/1/2024 0:32,1/1/2024 0:09,,,,,41.93,-87.64,41.86,-87.61,casual
43621A41642D02AB,electric_bike,1/1/2024 0:28,1/1/2024 0:32,,,,,41.94,-87.65,41.93,-87.65,casual
DDA79F12F0DCA757,electric_bike,1/1/2024 0:15,1/1/2024 0:20,,,,,41.93,-87.65,41.93,-87.69,casual
90DDFF89C702ABFF,electric_bike,1/1/2024 0:08,1/1/2024 0:14,,,,,41.98,-87.65,41.97,-87.67,casual
AC4C69ED81E07F95,electric_bike,1/1/2024 0:17,1/1/2024 0:22,,,,,41.97,-87.66,41.98,-87.65,casual
FE2B2EA9C1755BEE,electric_bike,1/1/2024 0:07,1/1/2024 0:12,,,,,41.79,-87.6,41.8,-87.59,casual
2A6F2D2179993830,electric_bike,1/1/2024 0:11,1/1/2024 0:14,,,,,41.98,-87.69,41.99,-87.67,casual
A6ADD57AADF98A37,electric_bike,1/1/2024 0:06,1/1/2024 0:09,,,,,41.97,-87.69,41.98,-87.69,casual
45A985838043E188,electric_bike,1/1/2024 0:40,1/1/2024 0:04,,,,,41.92,-87.67,41.91,-87.68,casual
3B58BB1D1A1A26B6,electric_bike,1/1/2024 0:05,1/1/2024 0:20,California Ave & Milwaukee Ave,13084,,,41.92268014,-87.69714248,41.97,-87.69,casual
106DD1E57C0B3880,electric_bike,1/1/2024 0:25,1/1/2024 0:28,,,,,41.89,-87.62,41.89,-87.63,casual
BC611846D83EBB36,electric_bike,1/1/2024 0:24,1/1/2024 0:36,,,,,41.94,-87.65,41.92,-87.63,casual
688C10C5B66C8472,electric_bike,1/1/2024 0:35,1/1/2024 0:00,,,,,41.95,-87.64,41.94,-87.64,casual
AE83B1231296128B,electric_bike,1/1/2024 0:14,1/1/2024 0:20,,,,,41.91,-87.68,41.93,-87.7,casual
F95B2923167719C7,electric_bike,1/1/2024 0:19,1/1/2024 0:06,,,,,41.86,-87.69,41.86,-87.71,casual
DCD8992E0E759695,electric_bike,1/1/2024 0:06,1/1/2024 0:12,,,,,41.86,-87.71,41.86,-87.69,casual
AF5DFE784A265BD7,electric_bike,1/1/2024 0:02,1/1/2024 0:13,,,,,41.91,-87.63,41.94,-87.66,casual
E2F9394935D7E14E,electric_bike,1/1/2024 0:12,1/1/2024 0:20,,,,,41.98,-87.66,41.96,-87.64,casual
9441874BE954CF43,electric_bike,1/1/2024 0:30,1/1/2024 0:31,,,,,41.94,-87.72,41.94,-87.72,casual
BA3B8581A1FAA576,electric_bike,1/1/2024 0:37,1/1/2024 0:00,,,,,41.94,-87.72,41.95,-87.72,casual
478AAB92A8F50AE3,electric_bike,1/1/2024 0:21,1/1/2024 0:23,,,,,41.93,-87.66,41.93,-87.67,casual
65CE749F6E5D3ABE,electric_bike,1/1/2024 0:08,1/1/2024 0:08,,,,,41.92,-87.63,41.92,-87.63,casual
E6B0B9CCD23D7648,electric_bike,1/1/2024 0:09,1/1/2024 0:15,,,,,41.92,-87.63,41.9,-87.63,casual
09857FB2116E2363,electric_bike,1/1/2024 0:06,1/1/2024 0:11,,,,,41.93,-87.75,41.92,-87.75,casual
E2BAB2C3F3F55648,electric_bike,1/1/2024 0:07,1/1/2024 0:10,,,,,41.91,-87.63,41.91,-87.63,casual
A04B062ED9648353,electric_bike,1/1/2024 0:16,1/1/2024 0:16,,,,,41.91,-87.69,41.91,-87.69,casual
91E64300E17A7E71,electric_bike,1/1/2024 0:16,1/1/2024 0:01,,,,,41.91,-87.69,41.98,-87.67,casual
6D54CFD6846E8D60,electric_bike,1/1/2024 0:28,1/1/2024 0:39,,,,,41.95,-87.66,41.99,-87.65,casual
73419A9B0333079F,electric_bike,1/1/2024 0:36,1/1/2024 0:07,,,,,41.99,-87.65,41.95,-87.66,casual
073EA3D8E6F61956,electric_bike,1/1/2024 0:28,1/1/2024 0:34,,,,,41.93,-87.65,41.93,-87.65,casual
D65658F6C33B6C40,electric_bike,1/1/2024 0:14,1/1/2024 0:22,,,,,41.95,-87.65,41.94,-87.68,casual
F85AC23BE6602CB6,electric_bike,1/1/2024 0:31,1/1/2024 0:24,,,,,41.94,-87.65,41.94,-87.65,casual
9058EBEBC6DC8F03,electric_bike,1/1/2024 0:35,1/1/2024 0:40,,,,,41.93,-87.71,41.94,-87.71,casual
B31A747904333BC1,electric_bike,1/1/2024 0:05,1/1/2024 0:10,,,,,41.94,-87.71,41.93,-87.71,casual
BB20EE4EFF184D72,electric_bike,1/1/2024 0:12,1/1/2024 0:17,,,,,41.95,-87.66,41.96,-87.66,casual
410B39C420100509,electric_bike,1/1/2024 0:00,1/1/2024 0:03,,,,,41.91,-87.63,41.92,-87.63,casual
136FF2115EA2331C,electric_bike,1/1/2024 0:03,1/1/2024 0:08,,,,,41.92,-87.63,41.93,-87.65,casual
E1179F19A174064E,electric_bike,1/1/2024 0:08,1/1/2024 0:16,,,,,41.97,-87.66,41.97,-87.65,casual
66AA71A7305CC1D0,electric_bike,1/1/2024 0:22,1/1/2024 0:28,,,,,41.97,-87.65,41.96,-87.64,casual
3D80BBF7444818AE,electric_bike,1/1/2024 0:29,1/1/2024 0:36,,,,,41.95,-87.65,41.97,-87.64,casual
FA177E0387F97225,electric_bike,1/1/2024 0:39,1/1/2024 0:09,,,,,41.93,-87.72,41.92,-87.68,casual
18AF03A3B79C4DE7,electric_bike,1/1/2024 0:23,1/1/2024 0:22,,,,,41.92,-87.64,41.92,-87.64,casual
0BF08927A0869359,electric_bike,1/1/2024 0:23,1/1/2024 0:30,,,,,41.92,-87.64,41.91,-87.63,casual
6C89CE65F6872253,electric_bike,1/1/2024 0:23,1/1/2024 0:27,,,,,41.92,-87.7,41.94,-87.7,casual
2085FC9549AA8295,electric_bike,1/1/2024 0:10,1/1/2024 0:14,,,California Ave & Milwaukee Ave,13084,41.94,-87.7,41.922695,-87.697153,casual
4B46084905E02291,electric_bike,1/1/2024 0:03,1/1/2024 0:07,,,,,41.93,-87.68,41.94,-87.68,casual
C3483D634067A04B,electric_bike,1/1/2024 0:39,1/1/2024 0:01,,,,,41.94,-87.67,41.93,-87.68,casual
8C96FA5B56839F81,electric_bike,1/1/2024 0:36,1/1/2024 0:37,,,,,41.94,-87.67,41.94,-87.67,casual
D854361FC1EEF761,electric_bike,1/1/2024 0:13,1/1/2024 0:22,,,,,41.93,-87.65,41.94,-87.68,casual
42329224817D0CD1,electric_bike,1/1/2024 0:21,1/1/2024 0:29,,,,,41.75,-87.7,41.73,-87.74,casual
406712F6B8A870C7,electric_bike,1/1/2024 0:09,1/1/2024 0:09,,,,,41.93,-87.64,41.93,-87.64,casual
778FBE1B809E2F99,electric_bike,1/1/2024 0:09,1/1/2024 0:13,,,,,41.93,-87.64,41.92,-87.65,casual
72D068F53F35954C,electric_bike,1/1/2024 0:36,1/1/2024 0:06,,,,,41.91,-87.63,41.93,-87.64,casual
D78B4833A92B5C39,electric_bike,1/1/2024 0:16,1/1/2024 0:18,,,,,41.88,-87.65,41.88,-87.65,casual
16047580D8926EBC,electric_bike,1/1/2024 0:19,1/1/2024 0:19,,,,,41.88,-87.65,41.88,-87.65,casual
0AF35E68B168A204,electric_bike,1/1/2024 0:33,1/1/2024 0:38,,,,,41.94,-87.64,41.94,-87.64,casual
8DAFEEDD2AEB5A92,electric_bike,1/1/2024 0:04,1/1/2024 0:04,,,,,41.79,-87.62,41.79,-87.62,casual
6723436FD6503B43,electric_bike,1/1/2024 0:05,1/1/2024 0:23,,,,,41.79,-87.62,41.79,-87.62,casual
53D23B8518A81974,electric_bike,1/1/2024 0:02,1/1/2024 0:01,,,,,41.95,-87.66,41.95,-87.66,casual
BCAE5D1E98E3A438,electric_bike,1/1/2024 0:41,1/1/2024 0:05,,,,,41.99,-87.67,41.98,-87.67,casual
2045A660BDCC6C1D,electric_bike,1/1/2024 0:08,1/1/2024 0:10,,,,,41.72,-87.57,41.72,-87.57,casual
9E0EE7702823DD38,electric_bike,1/1/2024 0:10,1/1/2024 0:21,,,,,41.72,-87.57,41.72,-87.57,casual
8242F36A0E796076,electric_bike,1/1/2024 0:01,1/1/2024 0:08,,,,,41.91,-87.63,41.93,-87.65,casual
EB323AA147C37C70,electric_bike,1/1/2024 3:57,1/1/2024 0:00,,,,,41.91,-87.63,41.91,-87.63,casual
6DFFB3FB0A4891F8,electric_bike,1/1/2024 0:07,1/1/2024 0:32,,,,,41.78,-87.6,41.78,-87.6,casual
8458388993AA4B14,electric_bike,1/1/2024 0:16,1/1/2024 0:32,,,,,41.91,-87.65,41.92,-87.7,casual
C6DC3D6BA4B39595,electric_bike,1/1/2024 0:33,1/1/2024 0:41,,,,,41.88,-87.64,41.91,-87.65,casual
E97FE3E61008FA26,electric_bike,1/1/2024 0:23,1/1/2024 0:26,,,,,42.01,-87.67,42.02,-87.67,casual
39FEED8BDA787B72,electric_bike,1/1/2024 0:25,1/1/2024 0:25,,,,,42.02,-87.67,42.02,-87.67,casual
EA520386162ABFA9,electric_bike,1/1/2024 0:42,1/1/2024 0:04,,,,,42,-87.66,42.01,-87.67,casual
A13CC62A78B196C8,electric_bike,1/1/2024 0:29,1/1/2024 0:34,,,,,42,-87.67,42,-87.66,casual
7119045B74DC8F62,electric_bike,1/1/2024 0:21,1/1/2024 0:25,,,,,41.91,-87.63,41.91,-87.63,casual
87906FB45E42A296,electric_bike,1/1/2024 0:39,1/1/2024 0:06,,,,,41.94,-87.66,41.94,-87.64,casual
7E641700CD420730,electric_bike,1/1/2024 0:18,1/1/2024 0:41,,,,,41.97,-87.7,41.9,-87.65,casual
7D4B499529D5DF91,electric_bike,1/1/2024 0:05,1/1/2024 0:22,,,,,41.95,-87.67,41.92,-87.72,casual
180F12B5DA6F7042,electric_bike,1/1/2024 0:25,1/1/2024 0:41,,,,,41.93,-87.63,41.89,-87.61,casual
C760AD2498BEBC10,electric_bike,1/1/2024 0:25,1/1/2024 0:25,,,,,41.93,-87.63,41.93,-87.63,casual
36119B1F33CEF87A,electric_bike,1/1/2024 0:07,1/1/2024 0:15,,,,,41.92,-87.7,41.93,-87.69,casual
4BA70ACC48A9E1FB,electric_bike,1/1/2024 0:02,1/1/2024 0:11,,,,,41.92,-87.76,41.92,-87.76,casual
63C3306E49300291,electric_bike,1/1/2024 0:34,1/1/2024 0:00,,,,,41.78,-87.59,41.8,-87.59,casual
BC114953D6783614,electric_bike,1/1/2024 0:07,1/1/2024 0:17,,,,,41.8,-87.59,41.78,-87.59,casual
19F86872854D6B7E,electric_bike,1/1/2024 0:00,1/1/2024 0:01,,,,,41.91,-87.63,41.91,-87.63,casual
229B93601447E1B7,electric_bike,1/1/2024 0:39,1/1/2024 0:39,,,,,41.91,-87.63,41.91,-87.63,casual
7E89E4DAFA22D4C8,electric_bike,1/1/2024 0:05,1/1/2024 0:20,,,,,41.94,-87.68,41.89,-87.65,casual
6C3DCB3F2D7DDCAF,electric_bike,1/1/2024 0:13,1/1/2024 0:27,,,,,41.97,-87.71,42,-87.67,casual
4D4C7023234064B1,electric_bike,1/1/2024 0:18,1/1/2024 0:22,,,,,41.91,-87.67,41.91,-87.67,casual
32D8F88821E42FFE,electric_bike,1/1/2024 0:31,1/1/2024 0:10,,,,,41.98,-87.72,41.91,-87.75,casual
D41C3215BCFF7EDC,electric_bike,1/1/2024 0:33,1/1/2024 0:37,,,,,41.95,-87.66,41.95,-87.66,casual
F28C4D3D800EFDEF,electric_bike,1/1/2024 0:41,1/1/2024 0:41,,,,,41.77,-87.77,41.78,-87.77,casual
72F5B967CA1DBD3A,electric_bike,1/1/2024 0:07,1/1/2024 0:41,,,,,41.93,-87.64,41.79,-87.58,casual
42178EE23D955471,electric_bike,1/1/2024 0:28,1/1/2024 0:40,,,,,41.93,-87.64,41.91,-87.63,casual
DAEC790EF7868160,electric_bike,1/1/2024 0:21,1/1/2024 0:28,,,,,41.96,-87.67,41.95,-87.66,casual
C7FEFCAD2F1D49CA,electric_bike,1/1/2024 0:12,1/1/2024 0:22,,,,,41.91,-87.62,41.93,-87.64,casual
A8152F4A6F74CC72,electric_bike,1/1/2024 0:24,1/1/2024 0:36,,,,,41.95,-87.65,41.9,-87.62,casual
CC73A43A239138D7,electric_bike,1/1/2024 0:17,1/1/2024 0:24,California Ave & Milwaukee Ave,13084,,,41.92272174,-87.69720316,41.92,-87.72,casual
7CA3639F31B7B2E6,electric_bike,1/1/2024 0:30,1/1/2024 0:09,,,,,41.89,-87.63,41.93,-87.63,casual
529CBD5DFC6E0381,electric_bike,1/1/2024 0:35,1/1/2024 0:15,,,,,41.93,-87.63,41.89,-87.63,casual
A54BD482B938D49A,electric_bike,1/1/2024 0:11,1/1/2024 0:12,,,,,41.9,-87.64,41.9,-87.64,casual
65028DF5294F24BC,electric_bike,1/1/2024 0:11,1/1/2024 0:10,,,,,41.9,-87.64,41.9,-87.64,casual
4570678EB7980BB0,electric_bike,1/1/2024 0:23,1/1/2024 0:23,,,,,41.91,-87.63,41.91,-87.63,casual
25EC832D0015A639,electric_bike,1/1/2024 0:24,1/1/2024 0:26,,,,,41.91,-87.63,41.92,-87.63,casual
E1783C1031DB0819,electric_bike,1/1/2024 0:32,1/1/2024 0:36,,,,,41.89,-87.63,41.89,-87.64,casual
FF9D158D04B3631F,electric_bike,1/1/2024 0:41,1/1/2024 0:10,,,,,41.94,-87.65,41.98,-87.67,casual
A4F977076B2BE624,electric_bike,1/1/2024 0:13,1/1/2024 0:18,,,,,41.85,-87.63,41.85,-87.63,casual
61A436F73281F10D,electric_bike,1/1/2024 0:20,1/1/2024 0:21,,,,,41.92,-87.64,41.92,-87.64,casual
28E717833792280E,electric_bike,1/1/2024 0:17,1/1/2024 0:19,,,,,41.92,-87.64,41.92,-87.64,casual
46BEB2ABA3DECAB8,electric_bike,1/1/2024 0:19,1/1/2024 0:21,,,,,41.79,-87.68,41.79,-87.68,casual
03EC4CFC26E328CF,electric_bike,1/1/2024 0:15,1/1/2024 0:19,,,,,41.93,-87.65,41.95,-87.66,casual
1EE4ABC2E312A4F3,electric_bike,1/1/2024 0:25,1/1/2024 0:29,,,,,41.89,-87.65,41.91,-87.67,casual
420792FD4868B2F6,electric_bike,1/1/2024 0:12,1/1/2024 0:18,,,,,41.99,-87.65,41.97,-87.64,casual
8981D57961FF3386,electric_bike,1/1/2024 0:06,1/1/2024 0:24,,,,,41.93,-87.7,41.89,-87.66,casual
446B4011A12D4197,electric_bike,1/1/2024 0:17,1/1/2024 0:21,,,,,41.92,-87.65,41.91,-87.66,casual
C76E1C3E82CCFDAA,electric_bike,1/1/2024 0:26,1/1/2024 0:30,,,,,41.91,-87.66,41.92,-87.65,casual
FE06DABC2EFE84E0,electric_bike,1/1/2024 0:04,1/1/2024 0:13,,,,,41.94,-87.71,41.95,-87.66,casual
233518B885B82A14,electric_bike,1/1/2024 0:18,1/1/2024 0:23,,,,,41.94,-87.64,41.94,-87.66,casual
78CB625F28526921,electric_bike,1/1/2024 0:33,1/1/2024 0:01,,,,,41.92,-87.69,41.94,-87.72,casual
3E46E2E428D3D635,electric_bike,1/1/2024 0:31,1/1/2024 0:39,,,,,42,-87.68,41.98,-87.67,casual
DD5F65AAC6B03573,electric_bike,1/1/2024 0:39,1/1/2024 0:00,,,,,41.96,-87.65,41.97,-87.66,casual
8394F010C6E057F7,electric_bike,1/1/2024 0:27,1/1/2024 0:32,,,,,41.88,-87.68,41.88,-87.66,casual
BCF1C1011E362008,electric_bike,1/1/2024 0:34,1/1/2024 0:01,,,,,41.88,-87.66,41.88,-87.68,casual
AD31C20A99CDBEDD,electric_bike,1/1/2024 0:07,1/1/2024 0:08,,,,,41.88,-87.64,41.88,-87.64,casual
6DA77909FE0117A0,electric_bike,1/1/2024 0:12,1/1/2024 0:23,,,,,41.7,-87.64,41.66,-87.62,casual
03205CE699E1A196,electric_bike,1/1/2024 0:24,1/1/2024 0:34,,,,,41.89,-87.63,41.89,-87.63,casual
146C83266F48E60C,electric_bike,1/1/2024 0:34,1/1/2024 0:37,,,,,41.89,-87.62,41.89,-87.63,casual
B15DF1076FCAB616,electric_bike,1/1/2024 0:15,1/1/2024 0:20,,,,,41.92,-87.69,41.92,-87.68,casual
A68A5F18EFED0D94,electric_bike,1/1/2024 0:25,1/1/2024 0:28,,,,,41.91,-87.69,41.91,-87.69,casual
A67BB7B101AA0265,electric_bike,1/1/2024 0:07,1/1/2024 0:16,,,,,41.96,-87.66,41.98,-87.67,casual
08DE59EC4C68BAED,electric_bike,1/1/2024 0:20,1/1/2024 0:32,,,,,41.93,-87.64,41.93,-87.7,casual
FF4E560193EDA072,electric_bike,1/1/2024 0:25,1/1/2024 0:28,,,,,41.89,-87.63,41.88,-87.63,casual
A397C92F289BB2EF,electric_bike,1/1/2024 0:07,1/1/2024 0:23,,,,,41.89,-87.64,41.88,-87.63,casual
0C33B1BA198F943F,electric_bike,1/1/2024 0:02,1/1/2024 0:04,,,,,41.94,-87.63,41.89,-87.64,casual
1BD29681D742E777,electric_bike,1/1/2024 0:38,1/1/2024 0:11,,,,,41.93,-87.63,41.93,-87.64,casual
C7459955B4F0176B,electric_bike,1/1/2024 0:04,1/1/2024 0:04,,,,,41.8,-87.6,41.8,-87.6,casual
6EE32AE1D0D2B462,electric_bike,1/1/2024 0:03,1/1/2024 0:03,,,,,41.8,-87.6,41.8,-87.6,casual
D50799CB5A042D88,electric_bike,1/1/2024 0:04,1/1/2024 0:04,,,,,41.8,-87.6,41.8,-87.6,casual
9554A6D04A9E050A,electric_bike,1/1/2024 0:06,1/1/2024 0:05,,,,,41.8,-87.6,41.8,-87.6,casual
00D43BA4BEB8E53D,electric_bike,1/1/2024 0:15,1/1/2024 0:15,,,,,41.89,-87.66,41.89,-87.66,casual
1A71BC4C657CDF21,electric_bike,1/1/2024 0:17,1/1/2024 0:17,,,,,41.89,-87.66,41.89,-87.65,casual
2226CFA65922E3A2,electric_bike,1/1/2024 0:01,1/1/2024 0:11,,,,,41.97,-87.69,41.94,-87.65,casual
87B33FA47ADA001C,electric_bike,1/1/2024 0:27,1/1/2024 0:03,,,,,41.94,-87.65,41.93,-87.72,casual
B22D5B9E7DEFD2F8,electric_bike,1/1/2024 0:18,1/1/2024 0:33,,,,,41.78,-87.78,41.79,-87.74,casual
D716395171950BF6,electric_bike,1/1/2024 0:24,1/1/2024 0:28,,,,,41.93,-87.66,41.94,-87.65,casual
979D776C8A9039B5,electric_bike,1/1/2024 0:35,1/1/2024 0:26,,,,,41.95,-87.65,41.95,-87.65,casual
0B13A109D43BEC27,electric_bike,1/1/2024 0:37,1/1/2024 0:40,,,,,41.89,-87.62,41.9,-87.63,casual
06A3038FFCB16390,electric_bike,1/1/2024 0:18,1/1/2024 0:24,,,,,41.93,-87.63,41.94,-87.64,casual
85A04786CB4C897A,electric_bike,1/1/2024 0:01,1/1/2024 0:05,,,,,41.94,-87.65,41.95,-87.64,casual
CD68C06286818B55,electric_bike,1/1/2024 0:32,1/1/2024 0:31,,,,,41.84,-87.61,41.84,-87.61,casual
1B699AD14474A860,electric_bike,1/1/2024 0:23,1/1/2024 0:37,,,,,41.89,-87.75,41.86,-87.71,casual
AC2239E23760A097,electric_bike,1/1/2024 0:06,1/1/2024 0:14,,,,,41.9,-87.76,41.89,-87.75,casual
1B1B1B3C44FC1C74,electric_bike,1/1/2024 0:33,1/1/2024 0:41,,,,,41.89,-87.75,41.9,-87.76,casual
E22E240AC4CB5F10,electric_bike,1/1/2024 0:05,1/1/2024 0:18,,,,,41.89,-87.75,41.86,-87.7,casual
F38C171CEF532E12,electric_bike,1/1/2024 0:26,1/1/2024 0:40,,,,,41.86,-87.7,41.89,-87.75,casual
1DFAB48ECAF2FD58,electric_bike,1/1/2024 0:31,1/1/2024 0:32,,,,,41.84,-87.61,41.84,-87.61,casual
A75EBD6C2B7F5D8B,electric_bike,1/1/2024 0:28,1/1/2024 0:28,,,,,42,-87.68,42,-87.68,casual
63C1C0B02CB635FB,electric_bike,1/1/2024 0:30,1/1/2024 0:30,,,,,42,-87.68,42,-87.68,casual
27AAD371DD51EF14,electric_bike,1/1/2024 0:30,1/1/2024 0:29,,,,,42,-87.68,42,-87.68,casual
FFF186D1FBBBC1A8,electric_bike,1/1/2024 0:30,1/1/2024 0:30,,,,,42,-87.68,42,-87.68,casual
706748197CCA1CE6,electric_bike,1/1/2024 0:31,1/1/2024 0:13,,,,,42,-87.68,42,-87.68,casual
5F3F1DC9F4CB4527,electric_bike,1/1/2024 0:27,1/1/2024 0:27,,,,,42,-87.68,42,-87.68,casual
1697090E3A81891B,electric_bike,1/1/2024 0:22,1/1/2024 0:31,,,,,41.89,-87.63,41.89,-87.62,casual
1F7CE98A2EFA21A1,electric_bike,1/1/2024 0:14,1/1/2024 0:17,,,,,41.91,-87.65,41.91,-87.64,casual
6E5C2F9C234229A2,electric_bike,1/1/2024 0:24,1/1/2024 0:13,,,,,41.9,-87.71,41.94,-87.64,casual
5E7ACDA57669F27C,electric_bike,1/1/2024 0:00,1/1/2024 0:02,,,,,41.88,-87.63,41.88,-87.63,casual
4ACDF94E3CAF6828,electric_bike,1/1/2024 0:30,1/1/2024 0:30,,,,,41.99,-87.7,41.99,-87.7,casual
1902D91974EF7858,electric_bike,1/1/2024 0:26,1/1/2024 0:31,,,,,41.97,-87.67,41.98,-87.67,casual
A4EB879E1C8B114B,electric_bike,1/1/2024 0:20,1/1/2024 0:32,,,,,41.91,-87.62,41.91,-87.63,casual
281F3003DECE858D,electric_bike,1/1/2024 0:01,1/1/2024 0:02,,,,,41.85,-87.66,41.85,-87.66,casual
D7E53E83C4F5B3B8,electric_bike,1/1/2024 0:25,1/1/2024 0:31,,,,,41.91,-87.73,41.91,-87.75,casual
96577C2A575FEDFB,electric_bike,1/1/2024 0:22,1/1/2024 0:07,,,,,41.89,-87.62,41.95,-87.65,casual
D24E77E336A25801,electric_bike,1/1/2024 0:36,1/1/2024 0:03,,,,,41.94,-87.73,41.92,-87.7,casual
D3A20425AC3EDDBF,electric_bike,1/1/2024 0:16,1/1/2024 0:16,,,,,41.93,-87.64,41.93,-87.64,casual
052ED2E014065B0B,electric_bike,1/1/2024 0:17,1/1/2024 0:21,,,,,41.93,-87.64,41.94,-87.65,casual
43DE17287EF87AF2,electric_bike,1/1/2024 0:05,1/1/2024 0:17,,,,,41.89,-87.63,41.9,-87.64,casual
CF7EDB201313A486,electric_bike,1/1/2024 0:19,1/1/2024 0:36,,,,,41.89,-87.65,41.92,-87.69,casual
50AF8F1C62D287E2,electric_bike,1/1/2024 0:19,1/1/2024 0:31,,,,,41.89,-87.62,41.89,-87.62,casual
37E3FC01072D7548,electric_bike,1/1/2024 0:17,1/1/2024 0:42,,,,,41.89,-87.62,41.88,-87.62,casual
E7911AF25A292797,electric_bike,1/1/2024 0:17,1/1/2024 0:17,,,,,41.89,-87.62,41.89,-87.62,casual
71994487CF5B4F0A,electric_bike,1/1/2024 0:27,1/1/2024 0:31,,,,,41.89,-87.62,41.89,-87.62,casual
8CFF1325D24D4E84,electric_bike,1/1/2024 0:02,1/1/2024 0:05,,,,,41.95,-87.65,41.94,-87.65,casual
FE0965B69AC5BB64,electric_bike,1/1/2024 0:15,1/1/2024 0:19,,,,,41.94,-87.67,41.95,-87.65,casual
28323BC66CE532D5,electric_bike,1/1/2024 0:13,1/1/2024 0:17,,,,,41.95,-87.65,41.94,-87.67,casual
889B7A141E9FFF91,electric_bike,1/1/2024 0:37,1/1/2024 0:41,,,,,41.94,-87.65,41.94,-87.67,casual
F5C7B7E3857293BD,electric_bike,1/1/2024 0:07,1/1/2024 0:16,,,,,41.79,-87.6,41.8,-87.59,casual
D694DD4211A60A7F,electric_bike,1/1/2024 0:32,1/1/2024 0:17,,,,,41.95,-87.68,41.91,-87.63,casual
07B8DBA7E8F2C417,electric_bike,1/1/2024 0:07,1/1/2024 0:20,,,,,41.94,-87.7,41.96,-87.68,casual
65EA6D15CA57E297,electric_bike,1/1/2024 0:27,1/1/2024 0:36,,,,,41.98,-87.67,41.95,-87.66,casual
48F8D56F8B6D4D3A,electric_bike,1/1/2024 0:12,1/1/2024 0:04,,,,,41.89,-87.63,41.88,-87.63,casual
65195E234A031228,electric_bike,1/1/2024 0:40,1/1/2024 0:04,,,,,41.87,-87.69,41.87,-87.68,casual
B188FBAD7F507A1A,electric_bike,1/1/2024 0:38,1/1/2024 0:07,,,,,41.93,-87.7,41.91,-87.67,casual
8D92604EE4BD9763,electric_bike,1/1/2024 0:16,1/1/2024 0:18,,,,,41.89,-87.65,41.89,-87.65,casual
96C37B23F2A4752C,electric_bike,1/1/2024 0:26,1/1/2024 0:34,,,,,41.91,-87.63,41.94,-87.64,casual
2BDE59691195006D,electric_bike,1/1/2024 0:09,1/1/2024 0:13,,,,,42.05,-87.68,42.06,-87.68,casual
72EF9B0BCB0B628F,electric_bike,1/1/2024 0:30,1/1/2024 0:37,,,,,41.95,-87.66,41.96,-87.67,casual
399AEBBDD9DAEF7A,electric_bike,1/1/2024 0:19,1/1/2024 0:25,,,,,41.97,-87.64,41.96,-87.65,casual
AE15A3472538875D,electric_bike,1/1/2024 0:34,1/1/2024 0:42,,,,,41.98,-87.67,41.95,-87.65,casual
A5AA3C099E6B7FE7,electric_bike,1/1/2024 0:05,1/1/2024 0:06,,,,,42.06,-87.7,42.06,-87.71,casual
986866A76BAF1664,electric_bike,1/1/2024 0:06,1/1/2024 0:14,,,,,41.92,-87.65,41.95,-87.66,casual
D3C200DABEA0D239,electric_bike,1/1/2024 0:31,1/1/2024 0:40,,,,,41.95,-87.67,41.93,-87.64,casual
D7901E82B993B860,electric_bike,1/1/2024 0:17,1/1/2024 0:17,,,,,41.87,-87.65,41.87,-87.65,casual
14C9CA2C236A7DB0,electric_bike,1/1/2024 0:39,1/1/2024 0:03,,,,,41.93,-87.63,41.91,-87.63,casual
E7EE45206374861E,electric_bike,1/1/2024 0:14,1/1/2024 0:22,,,,,41.92,-87.69,41.92,-87.73,casual
CBA248C22701C9F7,electric_bike,1/1/2024 0:31,1/1/2024 0:37,,,,,41.91,-87.65,41.9,-87.66,casual
908D72E1CC676EBE,electric_bike,1/1/2024 0:01,1/1/2024 0:06,,,California Ave & Milwaukee Ave,13084,41.91,-87.7,41.922695,-87.697153,casual
4DF9317FA3091A37,electric_bike,1/1/2024 0:16,1/1/2024 0:22,,,,,41.92,-87.64,41.93,-87.64,casual
7CBD245EAF24DABC,electric_bike,1/1/2024 0:34,1/1/2024 0:35,,,,,41.95,-87.66,41.95,-87.65,casual
9CBA672C949404BE,electric_bike,1/1/2024 0:23,1/1/2024 0:28,,,,,41.93,-87.65,41.95,-87.66,casual
D779A586AF0D0C64,electric_bike,1/1/2024 0:13,1/1/2024 0:18,,,,,41.95,-87.66,41.93,-87.65,casual
0657D5E044E1AF7D,electric_bike,1/1/2024 0:31,1/1/2024 0:39,,,,,41.89,-87.62,41.9,-87.63,casual
28F3ED61EBDBFCE3,electric_bike,1/1/2024 0:07,1/1/2024 0:11,,,,,41.9,-87.65,41.88,-87.66,casual
C20AB8ECED195680,electric_bike,1/1/2024 0:16,1/1/2024 0:18,,,,,41.96,-87.66,41.96,-87.65,casual
657C28D0FF4AC7B1,electric_bike,1/1/2024 0:31,1/1/2024 0:41,,,,,42.01,-87.67,41.98,-87.69,casual
547595E0F756E265,electric_bike,1/1/2024 0:06,1/1/2024 0:06,,,,,41.75,-87.67,41.75,-87.67,casual
66A125F0E3F222BE,electric_bike,1/1/2024 0:00,1/1/2024 0:00,,,,,41.92,-87.64,41.92,-87.64,casual
F72AF4B88FCCA573,electric_bike,1/1/2024 0:21,1/1/2024 0:26,,,,,41.95,-87.64,41.93,-87.63,casual
C542764289B51250,electric_bike,1/1/2024 0:41,1/1/2024 0:08,,,,,41.94,-87.65,41.93,-87.63,casual
373882DFCB3D4669,electric_bike,1/1/2024 0:05,1/1/2024 0:05,,,,,41.93,-87.78,41.93,-87.78,casual
EF5B3B81F9F8C082,electric_bike,1/1/2024 0:10,1/1/2024 0:16,,,,,41.89,-87.63,41.91,-87.64,casual
DFA8426728898988,electric_bike,1/1/2024 0:09,1/1/2024 0:08,,,,,41.89,-87.63,41.89,-87.63,casual
0B8785AAE0A55EC3,electric_bike,1/1/2024 0:26,1/1/2024 0:27,,,,,42.05,-87.68,42.05,-87.68,casual
DFB44411BD8D16B0,electric_bike,1/1/2024 0:39,1/1/2024 0:01,,,,,41.97,-87.66,41.97,-87.66,casual
BDD77E95D14222B5,electric_bike,1/1/2024 0:42,1/1/2024 0:07,,,,,41.97,-87.71,41.93,-87.71,casual
BF9C0082E9FE5B9D,electric_bike,1/1/2024 0:23,1/1/2024 0:28,,,,,41.94,-87.65,41.93,-87.65,casual
E00021532134DFD4,electric_bike,1/1/2024 0:10,1/1/2024 0:13,,,,,41.93,-87.64,41.94,-87.65,casual
B1781F3E7F6E6E96,electric_bike,1/1/2024 0:07,1/1/2024 0:19,,,,,41.93,-87.69,41.89,-87.67,casual
09414877148DBDA4,electric_bike,1/1/2024 0:20,1/1/2024 0:30,,,,,41.89,-87.67,41.93,-87.69,casual
B3BF99A8F472C97C,electric_bike,1/1/2024 0:04,1/1/2024 0:24,,,,,41.96,-87.64,41.96,-87.64,casual
938BA721C70343F2,electric_bike,1/1/2024 0:12,1/1/2024 0:15,,,,,41.92,-87.68,41.93,-87.68,casual
BAA7EA0B19A8E0C1,electric_bike,1/1/2024 0:18,1/1/2024 0:26,,,,,41.92,-87.63,41.94,-87.65,casual
D36DADE5B4C10385,electric_bike,1/1/2024 0:34,1/1/2024 0:35,,,,,42.05,-87.69,42.05,-87.68,casual
5E91F78E8C0462ED,electric_bike,1/1/2024 0:21,1/1/2024 0:24,,,,,42.05,-87.68,42.04,-87.69,casual
8C64507404604B6C,electric_bike,1/1/2024 0:13,1/1/2024 0:18,,,,,41.88,-87.62,41.88,-87.62,casual
1B864A8076AD3B42,electric_bike,1/1/2024 0:15,1/1/2024 0:25,,,,,41.95,-87.65,41.92,-87.65,casual
465AFFFD0C264213,electric_bike,1/1/2024 0:30,1/1/2024 0:01,,,,,41.92,-87.63,41.94,-87.65,casual
00126DE32880B67F,electric_bike,1/1/2024 0:29,1/1/2024 0:30,,,,,41.91,-87.63,41.92,-87.63,casual
4FDE04F633AD748E,electric_bike,1/1/2024 0:28,1/1/2024 0:27,,,,,41.91,-87.63,41.91,-87.63,casual
7CD47869E94B3DCE,electric_bike,1/1/2024 0:10,1/1/2024 0:10,,,,,41.91,-87.63,41.91,-87.63,casual
36CB369AC1FDF5EC,electric_bike,1/1/2024 0:24,1/1/2024 0:31,,,,,41.9,-87.64,41.89,-87.62,casual
97791B6584D13CD0,electric_bike,1/1/2024 0:32,1/1/2024 0:36,,,,,41.91,-87.68,41.92,-87.68,casual
9A10D405DAE4B548,electric_bike,1/1/2024 0:04,1/1/2024 0:19,,,,,41.91,-87.63,41.91,-87.62,casual
8CE9B15AA37A6396,electric_bike,1/1/2024 0:16,1/1/2024 0:17,,,,,41.93,-87.63,41.93,-87.63,casual
E1ACBC7C49BEB338,electric_bike,1/1/2024 0:13,1/1/2024 0:15,,,,,41.9,-87.62,41.9,-87.62,casual
36C03569DF8841D1,electric_bike,1/1/2024 0:16,1/1/2024 0:16,,,,,41.93,-87.63,41.93,-87.63,casual
FAE755DF9CF729D1,electric_bike,1/1/2024 0:28,1/1/2024 0:32,,,,,41.91,-87.62,41.9,-87.62,casual
D74CC99DD1A95D56,electric_bike,1/1/2024 0:14,1/1/2024 0:27,,,,,41.9,-87.62,41.88,-87.64,casual
F2B89BB8DB12EE1D,electric_bike,1/1/2024 0:18,1/1/2024 0:22,,,,,41.93,-87.63,41.92,-87.63,casual
6D94D5D8840E0412,electric_bike,1/1/2024 0:18,1/1/2024 0:27,,,,,41.91,-87.63,41.93,-87.63,casual
0BAFFB4CE223A879,electric_bike,1/1/2024 0:34,1/1/2024 0:41,,,,,41.89,-87.67,41.88,-87.64,casual
A683F82719C0A317,electric_bike,1/1/2024 0:10,1/1/2024 0:13,,,,,41.95,-87.65,41.95,-87.65,casual
6D3A711D8AE595BD,electric_bike,1/1/2024 0:42,1/1/2024 0:11,,,,,41.98,-87.67,42.01,-87.66,casual
B6833FC1272CEB51,electric_bike,1/1/2024 0:21,1/1/2024 0:30,,,,,41.93,-87.65,41.94,-87.68,casual
1ACC42F0291B8431,electric_bike,1/1/2024 0:03,1/1/2024 0:14,,,,,41.94,-87.68,41.92,-87.64,casual
A3A1CE1E31737DA6,electric_bike,1/1/2024 0:01,1/1/2024 0:18,,,,,41.93,-87.64,41.95,-87.64,casual
4BFBCEC9288F1989,electric_bike,1/1/2024 0:08,1/1/2024 0:27,,,,,41.87,-87.62,41.87,-87.61,casual
E5F2ADAF8E26136A,electric_bike,1/1/2024 0:19,1/1/2024 0:28,,,,,41.91,-87.63,41.9,-87.67,casual
22B4783E4922CDE3,electric_bike,1/1/2024 0:03,1/1/2024 0:12,,,,,41.94,-87.65,41.93,-87.67,casual
AE612DB6FC50989E,electric_bike,1/1/2024 0:30,1/1/2024 0:30,,,,,41.91,-87.63,41.91,-87.63,casual
E97E911354069F0C,electric_bike,1/1/2024 0:00,1/1/2024 0:06,,,,,41.93,-87.65,41.95,-87.66,casual
739D0CE5D1C9DFDD,electric_bike,1/1/2024 0:24,1/1/2024 0:27,,,,,42.04,-87.7,42.04,-87.7,casual
7C70010BE205C714,electric_bike,1/1/2024 0:26,1/1/2024 0:41,,,,,41.94,-87.65,41.91,-87.67,casual
8118437F90A7A46C,electric_bike,1/1/2024 0:15,1/1/2024 0:33,,,,,41.93,-87.64,41.96,-87.72,casual
24CCBCAB3A85929B,electric_bike,1/1/2024 0:11,1/1/2024 0:14,,,,,41.9,-87.67,41.92,-87.67,casual
8806FC8219A67AA1,electric_bike,1/1/2024 0:15,1/1/2024 0:17,,,,,41.91,-87.62,41.91,-87.62,casual
1FADD4A9EA19FF66,electric_bike,1/1/2024 0:20,1/1/2024 0:20,,,,,41.91,-87.63,41.91,-87.63,casual
2AD154869FA97993,electric_bike,1/1/2024 0:05,1/1/2024 0:28,,,,,41.8,-87.58,41.87,-87.62,casual
0E2BC80FFFECE797,electric_bike,1/1/2024 0:31,1/1/2024 0:05,,,,,41.92,-87.66,41.92,-87.65,casual
D01E0A7445027CA9,electric_bike,1/1/2024 0:39,1/1/2024 0:05,,,,,41.98,-87.65,41.97,-87.67,casual
511670A4A07D9805,electric_bike,1/1/2024 0:06,1/1/2024 0:24,,,,,41.91,-87.63,41.98,-87.68,casual
BF31950E6DE3F890,electric_bike,1/1/2024 0:25,1/1/2024 0:33,,,,,41.94,-87.65,41.97,-87.65,casual
7BABD2A3C9134812,electric_bike,1/1/2024 0:34,1/1/2024 0:40,,,,,41.92,-87.65,41.93,-87.64,casual
F84E12FF669DFC7C,electric_bike,1/1/2024 0:06,1/1/2024 0:10,,,,,41.82,-87.62,41.82,-87.6,casual
E83F9B099C057901,electric_bike,1/1/2024 0:07,1/1/2024 0:13,,,,,41.83,-87.61,41.86,-87.61,casual
8BC6F93EA6F73161,electric_bike,1/1/2024 0:41,1/1/2024 0:03,,,,,41.86,-87.61,41.83,-87.61,casual
65001CCBB6B3C942,electric_bike,1/1/2024 0:05,1/1/2024 0:14,,,,,41.93,-87.64,41.94,-87.65,casual
DB8F8321D3FA0C20,electric_bike,1/1/2024 0:36,1/1/2024 0:40,,,,,41.96,-87.73,41.95,-87.73,casual
FC5C330F30EA9ABD,electric_bike,1/1/2024 0:06,1/1/2024 0:33,,,,,41.75,-87.71,41.75,-87.71,casual
5B41C49CDE86EAC7,electric_bike,1/1/2024 0:13,1/1/2024 0:22,,,,,41.91,-87.7,41.92,-87.71,casual
D540D26C4AD2CE16,electric_bike,1/1/2024 0:14,1/1/2024 0:32,,,,,41.77,-87.56,41.79,-87.58,casual
C5B4F053B1E25E76,electric_bike,1/1/2024 0:03,1/1/2024 0:13,,,,,41.77,-87.56,41.77,-87.56,casual
D043A7A27532C846,electric_bike,1/1/2024 0:12,1/1/2024 0:19,,,,,41.92,-87.69,41.92,-87.69,casual
79E3E24465DC99EF,electric_bike,1/1/2024 0:42,1/1/2024 0:06,,,,,41.95,-87.65,41.96,-87.64,casual
263417AEB4175379,electric_bike,1/1/2024 0:19,1/1/2024 0:40,,,,,41.89,-87.61,41.89,-87.62,casual
2D91AA518FD8C969,electric_bike,1/1/2024 0:07,1/1/2024 0:19,,,,,41.91,-87.63,41.88,-87.62,casual
1C49D99A0886E7E9,electric_bike,1/1/2024 0:05,1/1/2024 0:13,,,,,41.93,-87.64,41.94,-87.65,casual
EAD4018368A83F83,electric_bike,1/1/2024 0:01,1/1/2024 0:01,,,,,42.06,-87.68,42.06,-87.68,casual
086B2E47220FC5AA,electric_bike,1/1/2024 0:32,1/1/2024 0:02,,,,,41.96,-87.68,41.96,-87.64,casual
0FB2A543F9C250EC,electric_bike,1/1/2024 0:29,1/1/2024 0:42,,,,,41.9,-87.63,41.94,-87.64,casual
D4F20F2A90B3BE6F,electric_bike,1/1/2024 0:32,1/1/2024 0:32,,,,,41.93,-87.64,41.93,-87.64,casual
E254B55FBEFD044B,electric_bike,1/1/2024 0:10,1/1/2024 0:12,,,,,41.9,-87.69,41.9,-87.69,casual
18C37599A4C6E6B0,electric_bike,1/1/2024 0:16,1/1/2024 0:24,,,,,41.94,-87.66,41.94,-87.68,casual
480A61FBE4BDCB6C,electric_bike,1/1/2024 0:32,1/1/2024 0:11,,,,,41.97,-87.67,41.94,-87.63,casual
A5E771C0BCB6E08A,electric_bike,1/1/2024 0:22,1/1/2024 0:23,,,,,41.94,-87.63,41.94,-87.63,casual
32417BF92CFC5029,electric_bike,1/1/2024 0:20,1/1/2024 0:31,,,,,41.91,-87.63,41.94,-87.65,casual
4E250FDD33CF4AAE,electric_bike,1/1/2024 0:14,1/1/2024 0:18,,,,,41.89,-87.63,41.89,-87.63,casual
C0D9E75B7D4D1E02,electric_bike,1/1/2024 0:18,1/1/2024 0:20,,,,,41.88,-87.63,41.88,-87.63,casual
B032717EDC0168A2,electric_bike,1/1/2024 0:33,1/1/2024 0:33,,,,,41.98,-87.67,41.98,-87.67,casual
0CEB6DF5C0747B2E,electric_bike,1/1/2024 0:17,1/1/2024 0:27,,,,,41.91,-87.67,41.89,-87.65,casual
20FA39046197F79D,electric_bike,1/1/2024 0:15,1/1/2024 0:40,,,,,41.89,-87.62,41.92,-87.63,casual
683150490BC51024,electric_bike,1/1/2024 0:06,1/1/2024 0:10,,,,,41.94,-87.65,41.94,-87.67,casual
BC7AA274ADFF104D,electric_bike,1/1/2024 0:06,1/1/2024 0:06,,,,,41.94,-87.65,41.94,-87.65,casual
38CDFDEA8C283DEA,electric_bike,1/1/2024 0:35,1/1/2024 0:40,,,,,41.97,-87.66,41.96,-87.65,member
09B4A62D2A17D29F,electric_bike,1/1/2024 0:06,1/1/2024 0:19,,,,,41.94,-87.7,41.93,-87.65,casual
5B119CFDFAA885D3,electric_bike,1/1/2024 0:34,1/1/2024 0:36,,,,,41.94,-87.65,41.94,-87.65,casual
E241593FA2A8317D,electric_bike,1/1/2024 0:30,1/1/2024 0:33,,,,,41.94,-87.65,41.94,-87.65,casual
3E40DE38F47D65AD,electric_bike,1/1/2024 0:15,1/1/2024 0:20,,,,,41.91,-87.63,41.93,-87.64,casual
5CBC9FFB7DFB0E7F,electric_bike,1/1/2024 0:38,1/1/2024 0:38,,,,,41.93,-87.65,41.93,-87.65,casual
BBFE99FA1C6B374C,electric_bike,1/1/2024 0:19,1/1/2024 0:21,,,,,41.72,-87.67,41.72,-87.67,casual
6926F0041B87BFC6,electric_bike,1/1/2024 0:01,1/1/2024 0:02,,,,,41.96,-87.67,41.96,-87.67,casual
5E56F5FC9DF5C7F4,electric_bike,1/1/2024 0:03,1/1/2024 0:16,,,,,41.96,-87.67,41.93,-87.64,casual
8A8AD5D5A141BBB6,electric_bike,1/1/2024 0:23,1/1/2024 0:36,,,,,41.91,-87.63,41.94,-87.65,casual
84F259A2092991D5,electric_bike,1/1/2024 0:00,1/1/2024 0:01,,,,,41.92,-87.63,41.92,-87.63,casual
20A8496B3DED3C93,electric_bike,1/1/2024 0:02,1/1/2024 0:07,,,,,41.92,-87.63,41.92,-87.64,casual
552301E7E909A0F7,electric_bike,1/1/2024 0:33,1/1/2024 0:40,,,,,41.97,-87.66,41.99,-87.67,member
C4D4CE86FC3AD12F,electric_bike,1/1/2024 0:32,1/1/2024 0:11,,,,,41.96,-87.68,41.88,-87.62,casual
6B6895638B47816A,electric_bike,1/1/2024 0:30,1/1/2024 0:32,,,,,41.96,-87.68,41.96,-87.68,casual
1DC1EBFA10BFE331,electric_bike,1/1/2024 0:20,1/1/2024 0:21,,,,,41.93,-87.67,41.93,-87.67,casual
1D785C9A9A242F13,electric_bike,1/1/2024 0:23,1/1/2024 0:24,,,,,41.93,-87.67,41.93,-87.67,casual
7EC160E6E0DD1D37,electric_bike,1/1/2024 0:30,1/1/2024 0:38,,,,,41.93,-87.7,41.91,-87.66,casual
097DB46669E92597,electric_bike,1/1/2024 0:10,1/1/2024 0:02,,,,,41.98,-87.67,41.89,-87.63,casual
FF5347711AC2A297,electric_bike,1/1/2024 0:10,1/1/2024 0:09,,,,,41.98,-87.67,41.98,-87.67,casual
5DBFA164930B4164,electric_bike,1/1/2024 0:37,1/1/2024 0:20,,,,,41.89,-87.62,41.92,-87.67,casual
36804B8D0AA9C6D3,electric_bike,1/1/2024 0:37,1/1/2024 0:36,,,,,41.89,-87.62,41.89,-87.62,casual
806AA42ABAEB9594,electric_bike,1/1/2024 0:28,1/1/2024 0:31,,,,,41.94,-87.66,41.94,-87.66,casual
36CE19471268B6A9,electric_bike,1/1/2024 0:09,1/1/2024 0:13,,,,,42.04,-87.68,42.05,-87.68,casual
C3E2A0CF9DCBE908,electric_bike,1/1/2024 0:16,1/1/2024 0:21,,,,,42.05,-87.68,42.04,-87.68,casual
59E3F942ED8A5171,electric_bike,1/1/2024 0:03,1/1/2024 0:05,,,,,41.91,-87.66,41.91,-87.66,casual
36BB60E7F8152B09,electric_bike,1/1/2024 0:23,1/1/2024 0:40,,,,,41.76,-87.56,41.77,-87.63,casual
9E8901FD222B6724,electric_bike,1/1/2024 0:25,1/1/2024 0:38,,,,,41.91,-87.63,41.94,-87.65,casual
67A4D7F06863E504,electric_bike,1/1/2024 0:11,1/1/2024 0:11,,,,,41.97,-87.7,41.97,-87.7,casual
EEAD36061303F44F,electric_bike,1/1/2024 0:39,1/1/2024 0:02,,,,,41.96,-87.66,41.96,-87.64,casual
1FC63AC22061AB71,electric_bike,1/1/2024 0:15,1/1/2024 0:21,,,,,41.92,-87.65,41.94,-87.65,casual
DEF83627FBE234D2,electric_bike,1/1/2024 0:19,1/1/2024 0:29,,,,,41.94,-87.64,41.92,-87.65,casual
4F4B03CD3E138E63,electric_bike,1/1/2024 0:24,1/1/2024 0:28,,,,,41.94,-87.65,41.94,-87.64,casual
2605AAF992116D7B,electric_bike,1/1/2024 0:04,1/1/2024 0:04,,,,,41.94,-87.65,41.94,-87.65,casual
E13CDCC0FB57C4DE,electric_bike,1/1/2024 0:27,1/1/2024 0:37,,,,,41.96,-87.64,41.94,-87.64,casual
817F11403FD65E46,electric_bike,1/1/2024 0:38,1/1/2024 0:39,,,,,41.91,-87.63,41.91,-87.63,casual
BEDCAD3590CA00C8,electric_bike,1/1/2024 0:37,1/1/2024 0:37,,,,,41.91,-87.63,41.91,-87.63,casual
1EA274CB795B545F,electric_bike,1/1/2024 0:37,1/1/2024 0:38,,,,,41.91,-87.63,41.91,-87.63,casual
CA144CADB6D6D419,electric_bike,1/1/2024 0:01,1/1/2024 0:10,,,,,41.93,-87.71,41.9,-87.7,casual
71C428E2BC3BC4FF,electric_bike,1/1/2024 0:23,1/1/2024 0:33,,,,,41.91,-87.63,41.89,-87.62,casual
7A715B22D78487AF,electric_bike,1/1/2024 0:33,1/1/2024 0:38,,,,,41.92,-87.67,41.91,-87.66,casual
30F693FA95852D97,electric_bike,1/1/2024 0:23,1/1/2024 0:27,,,,,41.91,-87.68,41.92,-87.69,casual
07BC18C96D7BF965,electric_bike,1/1/2024 0:20,1/1/2024 0:10,,,,,41.85,-87.72,41.85,-87.72,casual
7C22215BEC270AAE,electric_bike,1/1/2024 0:11,1/1/2024 0:18,,,,,41.91,-87.62,41.91,-87.65,casual
0DF199EB9A822D08,electric_bike,1/1/2024 0:31,1/1/2024 0:12,,,,,41.92,-87.64,41.93,-87.63,casual
9E92BEF441E0B2DA,electric_bike,1/1/2024 0:26,1/1/2024 0:41,,,,,41.72,-87.66,41.72,-87.66,casual
D016F101E460C1E2,electric_bike,1/1/2024 0:33,1/1/2024 0:41,,,,,41.94,-87.66,41.93,-87.64,casual
832A764D370757E4,electric_bike,1/1/2024 0:27,1/1/2024 0:32,,,,,41.89,-87.63,41.9,-87.63,casual
34B59EA1385781BD,electric_bike,1/1/2024 0:24,1/1/2024 0:26,,,,,41.91,-87.63,41.91,-87.63,casual
2C4866EED4CD5090,electric_bike,1/1/2024 0:28,1/1/2024 0:35,,,,,41.91,-87.63,41.92,-87.64,casual
EB5B275362838B5B,electric_bike,1/1/2024 0:26,1/1/2024 0:26,,,,,41.91,-87.63,41.91,-87.63,casual
A25E2F1C4A675A90,electric_bike,1/1/2024 0:23,1/1/2024 0:24,,,,,41.91,-87.63,41.91,-87.63,casual
A46BF96D6B43092B,electric_bike,1/1/2024 0:18,1/1/2024 0:25,,,,,41.94,-87.65,41.92,-87.65,casual
0497FF7962A50C56,electric_bike,1/1/2024 0:26,1/1/2024 0:27,,,,,41.74,-87.57,41.74,-87.58,casual
B71F11A5DB0F09DA,electric_bike,1/1/2024 0:21,1/1/2024 0:35,,,,,41.94,-87.73,41.95,-87.65,casual
7D0DE8D16B32F2B4,electric_bike,1/1/2024 0:33,1/1/2024 0:06,,,,,41.97,-87.66,41.98,-87.67,casual
E8E6BF5ECDD7DBAF,electric_bike,1/1/2024 0:33,1/1/2024 0:39,,,,,41.94,-87.64,41.97,-87.65,casual
2DE391B62B090ED8,electric_bike,1/1/2024 0:06,1/1/2024 0:16,,,,,41.94,-87.64,41.97,-87.65,casual
05F7CC841F955092,electric_bike,1/1/2024 0:31,1/1/2024 0:03,,,,,41.97,-87.66,41.93,-87.64,casual
8C1E09382910D512,electric_bike,1/1/2024 0:00,1/1/2024 0:18,,,,,41.93,-87.64,41.98,-87.65,casual
C30EE454D10204D9,electric_bike,1/1/2024 0:27,1/1/2024 0:29,,,,,41.94,-87.64,41.94,-87.65,casual
4D8733A85E31D236,electric_bike,1/1/2024 0:15,1/1/2024 0:26,,,,,41.9,-87.62,41.88,-87.64,casual
BB94E5E6901E40EC,electric_bike,1/1/2024 0:28,1/1/2024 0:32,,,,,41.91,-87.62,41.9,-87.62,casual
F43A8A5923AF76FE,electric_bike,1/1/2024 0:14,1/1/2024 0:22,,,,,41.93,-87.63,41.92,-87.63,casual
84F868F86C135BE6,electric_bike,1/1/2024 0:26,1/1/2024 0:35,,,,,41.91,-87.71,41.9,-87.68,casual
9BB69B90F35F8B50,electric_bike,1/1/2024 0:30,1/1/2024 0:34,,,,,41.93,-87.67,41.92,-87.65,casual
51E46FEFA1F430E3,electric_bike,1/1/2024 0:13,1/1/2024 0:15,,,,,41.92,-87.65,41.93,-87.66,casual
23FC6CBD0E5E30DB,electric_bike,1/1/2024 0:04,1/1/2024 0:14,,,,,41.88,-87.63,41.9,-87.67,casual
23502D323C27C0DD,electric_bike,1/1/2024 0:37,1/1/2024 0:02,,,,,41.97,-87.65,41.95,-87.66,casual
75A41C5DE7DB563D,electric_bike,1/1/2024 0:34,1/1/2024 0:35,,,,,41.97,-87.65,41.97,-87.65,casual
DF6A19247EB20411,electric_bike,1/1/2024 0:07,1/1/2024 0:09,,,,,41.94,-87.64,41.95,-87.64,casual
5478073672A584C9,electric_bike,1/1/2024 0:38,1/1/2024 0:41,,,,,41.9,-87.63,41.91,-87.63,casual
25D44969507D7642,electric_bike,1/1/2024 0:13,1/1/2024 0:14,,,,,41.89,-87.63,41.89,-87.63,casual
41248C770AE44067,electric_bike,1/1/2024 0:23,1/1/2024 0:25,,,,,41.98,-87.67,41.97,-87.67,casual
CA872EFCFF77EBEB,electric_bike,1/1/2024 0:39,1/1/2024 0:12,,,,,41.87,-87.76,41.88,-87.76,casual
B92DD78F1E615E1D,electric_bike,1/1/2024 0:37,1/1/2024 0:37,,,,,41.87,-87.76,41.87,-87.76,casual
3C5479A2D326B6E6,electric_bike,1/1/2024 0:26,1/1/2024 0:30,,,,,42.06,-87.68,42.05,-87.68,casual
B3BCA9D747B8D8AA,electric_bike,1/1/2024 0:23,1/1/2024 0:26,,,,,41.86,-87.63,41.86,-87.62,casual
C2F933B429CE75CD,electric_bike,1/1/2024 0:25,1/1/2024 0:17,,,,,41.8,-87.58,41.84,-87.64,casual
66DAE7AF81AD3B68,electric_bike,1/1/2024 0:07,1/1/2024 0:14,,,,,41.92,-87.64,41.94,-87.66,casual
A80252AF9CBF6B56,electric_bike,1/1/2024 0:22,1/1/2024 0:23,,,,,41.84,-87.63,41.84,-87.64,casual
6F98DDBB4DC55D9A,electric_bike,1/1/2024 0:41,1/1/2024 0:05,,,,,41.92,-87.66,41.92,-87.64,casual
016E39D13605077D,electric_bike,1/1/2024 0:09,1/1/2024 0:17,,,,,41.92,-87.64,41.93,-87.66,casual
BB3075260F6E3501,electric_bike,1/1/2024 0:22,1/1/2024 0:26,,,,,41.8,-87.59,41.79,-87.6,casual
142781AC76A3A953,electric_bike,1/1/2024 0:08,1/1/2024 0:15,,,,,41.82,-87.64,41.85,-87.64,casual
EA16984815FCA8A0,electric_bike,1/1/2024 0:32,1/1/2024 0:40,,,,,41.79,-87.6,41.79,-87.59,casual
A0BCD6725F94F5EF,electric_bike,1/1/2024 0:20,1/1/2024 0:24,,,,,41.96,-87.67,41.94,-87.68,casual
C3C17C1949CCC95A,electric_bike,1/1/2024 0:06,1/1/2024 0:18,,,,,41.91,-87.63,41.94,-87.65,casual
4811653BE1FF6D61,electric_bike,1/1/2024 0:13,1/1/2024 0:20,,,,,41.84,-87.66,41.83,-87.67,casual
71863CA399904174,electric_bike,1/1/2024 0:05,1/1/2024 0:14,,,,,41.83,-87.67,41.84,-87.66,casual
90EF97C0EFAD6CDB,electric_bike,1/1/2024 0:08,1/1/2024 0:11,,,,,41.94,-87.66,41.94,-87.65,casual
83630F154C1A9015,electric_bike,1/1/2024 0:00,1/1/2024 0:01,,,,,41.97,-87.65,41.97,-87.65,casual
9382B36D241FBD8B,electric_bike,1/1/2024 0:09,1/1/2024 0:11,,,,,41.9,-87.65,41.9,-87.63,casual
D05102B61BA5AAFC,electric_bike,1/1/2024 0:22,1/1/2024 0:30,,,,,41.93,-87.68,41.92,-87.67,casual
447C5B9C2167BDC2,electric_bike,1/1/2024 0:16,1/1/2024 0:39,,,,,41.88,-87.63,41.88,-87.63,casual
CB68E71786E22C2D,electric_bike,1/1/2024 0:31,1/1/2024 0:35,,,,,41.89,-87.63,41.89,-87.63,casual
98F0EF825FB18525,electric_bike,1/1/2024 0:11,1/1/2024 0:34,,,,,41.99,-87.77,41.99,-87.77,casual
8A91530A52839A4D,electric_bike,1/1/2024 0:06,1/1/2024 0:12,,,,,41.94,-87.65,41.95,-87.66,casual
8DE94EBA1BD9B26B,electric_bike,1/1/2024 0:15,1/1/2024 0:20,,,,,41.95,-87.66,41.94,-87.65,casual
DDF6083620270853,electric_bike,1/1/2024 0:02,1/1/2024 0:06,,,,,41.9,-87.75,41.9,-87.75,casual
75702E9491C6632D,electric_bike,1/1/2024 0:20,1/1/2024 0:26,,,,,41.98,-87.67,41.98,-87.7,casual
38BE1D69E106F93A,electric_bike,1/1/2024 0:35,1/1/2024 0:39,,,,,41.96,-87.64,41.96,-87.65,casual
13FFE7C7483F4459,electric_bike,1/1/2024 0:34,1/1/2024 0:40,,,,,41.95,-87.66,41.92,-87.64,casual
92B81D9EE98ADCAA,electric_bike,1/1/2024 0:15,1/1/2024 0:28,,,,,42,-87.67,41.95,-87.66,casual
A7EF79A30A342E87,electric_bike,1/1/2024 0:24,1/1/2024 0:25,,,,,41.93,-87.75,41.93,-87.75,casual
62F3C301F37C5CB2,electric_bike,1/1/2024 0:00,1/1/2024 0:14,,,,,41.94,-87.73,41.93,-87.73,casual
20BC5AB361476711,electric_bike,1/1/2024 0:40,1/1/2024 0:42,,,,,41.94,-87.73,41.94,-87.73,casual
EBF41FBB4593655B,electric_bike,1/1/2024 0:17,1/1/2024 0:30,,,,,41.89,-87.62,41.91,-87.62,casual
B855FFF433BF9A48,electric_bike,1/1/2024 0:11,1/1/2024 0:17,,,,,41.89,-87.61,41.91,-87.62,casual
C12AD0C9AA295212,electric_bike,1/1/2024 0:19,1/1/2024 0:25,,,,,41.91,-87.62,41.89,-87.61,casual
1C0B78274B8D618F,electric_bike,1/1/2024 0:39,1/1/2024 0:40,,,,,41.89,-87.66,41.89,-87.66,casual
94BC3FDA269BD247,electric_bike,1/1/2024 0:08,1/1/2024 0:10,,,,,41.91,-87.63,41.9,-87.63,casual
64D614E7384F4950,electric_bike,1/1/2024 0:25,1/1/2024 0:06,,,,,41.79,-87.6,41.8,-87.58,casual
046C6D2AC948561C,electric_bike,1/1/2024 0:02,1/1/2024 0:02,,,,,42,-87.67,42,-87.67,casual
B258066BBE14D72A,electric_bike,1/1/2024 0:30,1/1/2024 0:38,,,,,41.91,-87.64,41.95,-87.66,casual
0ACCF5B8FC9184A9,electric_bike,1/1/2024 0:16,1/1/2024 0:28,,,,,41.89,-87.63,41.94,-87.64,casual
8A3836076A740042,electric_bike,1/1/2024 0:33,1/1/2024 0:36,,,,,41.84,-87.64,41.85,-87.65,casual
698F31861C861392,electric_bike,1/1/2024 0:19,1/1/2024 0:23,,,,,41.94,-87.67,41.95,-87.66,casual
95FB73FEA15DA320,electric_bike,1/1/2024 0:41,1/1/2024 0:04,,,,,41.91,-87.68,41.91,-87.65,casual
40B1FD2D3E5AB8AE,electric_bike,1/1/2024 0:41,1/1/2024 0:41,,,,,41.91,-87.68,41.91,-87.68,casual
F9545DAB30353C38,electric_bike,1/1/2024 0:25,1/1/2024 0:32,,,,,41.99,-87.77,41.99,-87.77,casual
7AF3CF223BA71621,electric_bike,1/1/2024 0:27,1/1/2024 0:38,,,,,41.99,-87.77,42,-87.79,casual
235E528BF9E6ECA6,electric_bike,1/1/2024 0:20,1/1/2024 0:07,,,,,41.99,-87.79,41.99,-87.77,casual
91C01DF776C13F17,electric_bike,1/1/2024 0:31,1/1/2024 0:40,,,,,41.98,-87.69,42.01,-87.68,casual
F43520A120871AFC,electric_bike,1/1/2024 0:35,1/1/2024 0:08,,,,,41.91,-87.7,41.91,-87.7,casual
34B54957BDDAF93F,electric_bike,1/1/2024 0:41,1/1/2024 0:10,,,,,41.91,-87.67,41.93,-87.65,casual
6DC7DE22C0B3D979,electric_bike,1/1/2024 0:40,1/1/2024 0:40,,,,,41.91,-87.67,41.91,-87.67,casual
5563BBAE33375900,electric_bike,1/1/2024 0:34,1/1/2024 0:37,,,,,41.9,-87.62,41.89,-87.61,casual
35EF0C9B5B4983F7,electric_bike,1/1/2024 0:34,1/1/2024 0:35,,,,,41.9,-87.62,41.9,-87.62,casual
CFA335BC555965B3,electric_bike,1/1/2024 0:42,1/1/2024 0:09,,,,,41.88,-87.64,41.92,-87.64,casual
A9DC47FC79CBCA24,electric_bike,1/1/2024 0:14,1/1/2024 0:21,,,,,41.89,-87.62,41.89,-87.63,casual
58FFFFB1980559C4,electric_bike,1/1/2024 0:25,1/1/2024 0:33,,,,,41.88,-87.64,41.91,-87.65,casual
C6404C3D38DAE33B,electric_bike,1/1/2024 0:35,1/1/2024 0:38,,,,,41.88,-87.65,41.88,-87.64,casual
07F2E2C81809C556,electric_bike,1/1/2024 0:20,1/1/2024 0:20,,,,,41.88,-87.65,41.88,-87.65,casual
143EB094C9099112,electric_bike,1/1/2024 0:18,1/1/2024 0:19,,,,,41.88,-87.65,41.88,-87.65,casual
602D7F9CB5F341BF,electric_bike,1/1/2024 0:31,1/1/2024 0:04,,,,,41.89,-87.66,41.9,-87.62,casual
6D82978561950F7B,electric_bike,1/1/2024 0:38,1/1/2024 0:04,,,,,41.71,-87.72,41.71,-87.72,casual
C6AA204965F6201A,electric_bike,1/1/2024 0:14,1/1/2024 0:07,,,,,41.91,-87.7,41.91,-87.7,casual
7FFF1F93A18B8968,electric_bike,1/1/2024 0:31,1/1/2024 0:37,,,,,42.06,-87.72,42.05,-87.68,casual
A5E47CD99FCE3592,electric_bike,1/1/2024 0:10,1/1/2024 0:18,,,,,41.91,-87.65,41.89,-87.65,casual
2905F082F04F7CDA,electric_bike,1/1/2024 0:36,1/1/2024 0:41,,,,,41.92,-87.72,41.92,-87.71,casual
F7107F288FB9CBC7,electric_bike,1/1/2024 0:09,1/1/2024 0:14,,,,,41.92,-87.67,41.91,-87.65,casual
C3A8311D38DFF7B6,electric_bike,1/1/2024 0:24,1/1/2024 0:27,,,,,41.89,-87.76,41.89,-87.77,casual
BC92DB4D625A6240,electric_bike,1/1/2024 0:36,1/1/2024 0:37,,,,,41.96,-87.76,41.96,-87.76,casual
CF19D779D86054C4,electric_bike,1/1/2024 0:04,1/1/2024 0:07,,,,,41.98,-87.67,41.99,-87.67,casual
687969C60C50B400,electric_bike,1/1/2024 0:36,1/1/2024 0:42,,,,,41.99,-87.67,41.98,-87.67,casual
F8D8553949567B77,electric_bike,1/1/2024 0:17,1/1/2024 0:19,,,,,41.95,-87.66,41.95,-87.66,casual
02F7B16713DC5BAD,electric_bike,1/1/2024 0:08,1/1/2024 0:11,,,,,41.85,-87.7,41.84,-87.7,casual
A4A78F1E303ACD18,electric_bike,1/1/2024 0:02,1/1/2024 0:06,,,,,41.94,-87.66,41.95,-87.66,casual
91D03C85109E1CCD,electric_bike,1/1/2024 0:16,1/1/2024 0:24,,,,,41.92,-87.63,41.93,-87.66,casual
900D4E1E348BDED5,electric_bike,1/1/2024 0:27,1/1/2024 0:31,,,,,41.88,-87.63,41.89,-87.63,casual
8A957A2D20A0F2AD,electric_bike,1/1/2024 0:14,1/1/2024 0:22,,,,,41.92,-87.65,41.95,-87.67,casual
2E0059959648E7AE,electric_bike,1/1/2024 0:37,1/1/2024 0:04,,,,,41.9,-87.67,41.89,-87.64,casual
61D36D8F19EE9D42,electric_bike,1/1/2024 0:18,1/1/2024 0:20,,,,,41.97,-87.64,41.96,-87.64,casual
D2B619C91F5FAB6B,electric_bike,1/1/2024 0:22,1/1/2024 0:27,,,,,41.89,-87.61,41.92,-87.63,casual
490D9B73676E2D2C,electric_bike,1/1/2024 0:19,1/1/2024 0:30,,,,,41.92,-87.63,41.93,-87.66,casual
1482BE853028E4A9,electric_bike,1/1/2024 0:27,1/1/2024 0:37,,,,,41.93,-87.68,41.91,-87.63,casual
DCBAE04FB8B7DF4D,electric_bike,1/1/2024 0:17,1/1/2024 0:21,,,,,42.05,-87.67,42.05,-87.67,casual
3DA2AAF2DD84DB5C,electric_bike,1/1/2024 0:20,1/1/2024 0:22,,,,,41.91,-87.63,41.91,-87.63,casual
D829CA3E11743C70,electric_bike,1/1/2024 0:39,1/1/2024 0:40,,,,,41.92,-87.64,41.92,-87.64,casual
78E6DA5BE6933C03,electric_bike,1/1/2024 0:05,1/1/2024 0:04,,,,,42,-87.67,41.99,-87.67,member
D86F6C6C8079F069,electric_bike,1/1/2024 0:03,1/1/2024 0:04,,,,,42,-87.67,42,-87.67,member
23CEC87A62D79649,electric_bike,1/1/2024 0:04,1/1/2024 0:27,,,,,41.99,-87.67,41.95,-87.7,member
A982B65C0A9C294B,electric_bike,1/1/2024 0:04,1/1/2024 0:05,,,,,41.84,-87.65,41.84,-87.66,casual
47E1D974FF7429A8,electric_bike,1/1/2024 0:08,1/1/2024 0:24,,,,,41.89,-87.61,41.87,-87.61,casual
330744CD3F15CAD6,electric_bike,1/1/2024 0:05,1/1/2024 0:23,,,,,41.88,-87.65,41.94,-87.64,casual
3DC4084FF083D419,electric_bike,1/1/2024 0:41,1/1/2024 0:04,,,,,41.95,-87.64,41.93,-87.65,casual
D8BD8FBBF704087E,electric_bike,1/1/2024 0:25,1/1/2024 0:25,,,,,41.77,-87.71,41.77,-87.71,casual
661056F3D42302BF,electric_bike,1/1/2024 0:27,1/1/2024 0:34,,,,,41.77,-87.71,41.76,-87.7,casual
F1649ABC3BB6DFDD,electric_bike,1/1/2024 0:41,1/1/2024 0:41,,,,,41.9,-87.63,41.9,-87.63,casual
6A8100760EFE6045,electric_bike,1/1/2024 0:01,1/1/2024 0:01,,,,,41.9,-87.63,41.9,-87.63,casual
B5DAC81B40425F59,electric_bike,1/1/2024 0:02,1/1/2024 0:03,,,,,41.89,-87.63,41.89,-87.63,casual
74E25EF610A2BBFD,electric_bike,1/1/2024 0:27,1/1/2024 0:32,,,,,41.92,-87.63,41.94,-87.63,casual
452F3740F02F1EDF,electric_bike,1/1/2024 0:22,1/1/2024 0:25,,,,,41.95,-87.67,41.96,-87.69,casual
BAF7FD292FCEC497,electric_bike,1/1/2024 0:31,1/1/2024 0:35,,,,,41.89,-87.63,41.9,-87.62,casual
4C900BEA329CE6F1,electric_bike,1/1/2024 0:04,1/1/2024 0:08,,,,,41.97,-87.66,41.96,-87.67,casual
C99C7E5EC8AABE26,electric_bike,1/1/2024 0:13,1/1/2024 0:34,,,,,41.79,-87.6,41.8,-87.59,casual
1904DFC512933B4C,electric_bike,1/1/2024 0:12,1/1/2024 0:13,,,,,41.79,-87.6,41.79,-87.6,casual
9AB610AED1E334AC,electric_bike,1/1/2024 0:39,1/1/2024 0:17,,,,,41.93,-87.73,41.96,-87.65,casual
A64B9AAEF8E4D8EE,electric_bike,1/1/2024 0:25,1/1/2024 0:18,,,,,41.81,-87.67,41.9,-87.62,casual
84238B95C0C29AE5,electric_bike,1/1/2024 0:25,1/1/2024 0:29,,,,,41.98,-87.67,41.99,-87.67,casual
5EBCCAD38DFDBD14,electric_bike,1/1/2024 0:23,1/1/2024 0:24,,,,,41.98,-87.67,41.98,-87.67,casual
291BBC616604EBFF,electric_bike,1/1/2024 0:22,1/1/2024 0:23,,,,,41.98,-87.67,41.98,-87.67,casual
2BB320176E2E852C,electric_bike,1/1/2024 0:07,1/1/2024 0:08,,,,,41.85,-87.69,41.85,-87.69,casual
8DDB8B390CD3D273,electric_bike,1/1/2024 0:03,1/1/2024 0:16,,,,,41.9,-87.62,41.86,-87.61,casual
8423FE0E3114D718,electric_bike,1/1/2024 0:03,1/1/2024 0:03,,,,,41.9,-87.62,41.9,-87.62,casual
915A85CE1FA372C7,electric_bike,1/1/2024 0:26,1/1/2024 0:29,,,,,42.02,-87.67,42.02,-87.68,casual
18D4E8537A34A156,electric_bike,1/1/2024 0:21,1/1/2024 0:22,,,,,42.02,-87.68,42.02,-87.67,casual
8832F6A3C3AA926C,electric_bike,1/1/2024 0:36,1/1/2024 0:09,,,,,41.92,-87.64,41.92,-87.67,casual
1C9A18154B8C88F4,electric_bike,1/1/2024 0:07,1/1/2024 0:08,,,,,41.88,-87.65,41.88,-87.65,casual
35F0A3F66051C12A,electric_bike,1/1/2024 0:25,1/1/2024 0:06,,,,,41.89,-87.63,41.95,-87.65,casual
0F2EA3A52A49AB88,electric_bike,1/1/2024 0:07,1/1/2024 0:10,,,,,41.93,-87.65,41.93,-87.64,casual
DA45B51041997998,electric_bike,1/1/2024 0:16,1/1/2024 0:22,,,,,41.88,-87.62,41.9,-87.63,casual
1F0411001A5779D9,electric_bike,1/1/2024 0:37,1/1/2024 0:39,,,,,41.89,-87.63,41.89,-87.63,casual
62EBCC64AA6AF24F,electric_bike,1/1/2024 0:02,1/1/2024 0:05,,,,,41.89,-87.63,41.89,-87.63,casual
EC20938CAB9EE6E3,electric_bike,1/1/2024 0:17,1/1/2024 0:21,,,,,41.89,-87.63,41.89,-87.63,casual
B0650A3C9BECF5ED,electric_bike,1/1/2024 0:21,1/1/2024 0:28,,,,,41.76,-87.56,41.78,-87.58,casual
121661BCB56EF75A,electric_bike,1/1/2024 0:13,1/1/2024 0:18,,,,,41.94,-87.63,41.94,-87.64,casual
410013B10A391F87,electric_bike,1/1/2024 0:34,1/1/2024 0:07,,,,,41.88,-87.63,41.87,-87.63,casual
014D773A338E995A,electric_bike,1/1/2024 0:01,1/1/2024 0:01,,,,,41.96,-87.67,41.96,-87.67,casual
E3A67605853C487F,electric_bike,1/1/2024 0:02,1/1/2024 0:04,,,,,41.96,-87.67,41.96,-87.67,casual
CEA2B7FF81EF270F,electric_bike,1/1/2024 0:10,1/1/2024 0:10,,,,,41.9,-87.72,41.9,-87.72,casual
1ABB0C55D218C6C5,electric_bike,1/1/2024 0:29,1/1/2024 0:37,,,,,41.95,-87.75,41.92,-87.75,casual
3803BC1909D8AD5A,electric_bike,1/1/2024 0:38,1/1/2024 0:41,,,,,41.89,-87.62,41.88,-87.63,casual
924DF6F970F828F4,electric_bike,1/1/2024 0:16,1/1/2024 0:32,,,,,41.88,-87.63,41.89,-87.62,casual
BD033768461DB77C,electric_bike,1/1/2024 0:23,1/1/2024 0:31,,,,,41.89,-87.62,41.89,-87.62,casual
8B8E0496B1B52A13,electric_bike,1/1/2024 0:42,1/1/2024 0:02,,,,,41.88,-87.63,41.88,-87.64,casual
93CB3F2686B40CC7,electric_bike,1/1/2024 0:39,1/1/2024 0:40,,,,,41.88,-87.63,41.88,-87.63,casual
A20741809ACA9E66,electric_bike,1/1/2024 0:08,1/1/2024 0:14,,,,,41.92,-87.76,41.93,-87.79,casual
AC77A31056C67A0F,electric_bike,1/1/2024 0:13,1/1/2024 0:17,,,,,41.79,-87.6,41.78,-87.6,casual
835F54BE684F2F97,electric_bike,1/1/2024 0:38,1/1/2024 0:02,,,,,42,-87.66,41.99,-87.65,casual
9F907BBDCF00D49F,electric_bike,1/1/2024 0:00,1/1/2024 0:02,,,,,41.74,-87.6,41.74,-87.6,casual
A67981B554C3A321,electric_bike,1/1/2024 0:13,1/1/2024 0:18,,,,,41.75,-87.57,41.76,-87.55,casual
D66389B232239B27,electric_bike,1/1/2024 0:21,1/1/2024 0:32,,,,,41.76,-87.55,41.74,-87.6,casual
1C975DA630AB3D79,electric_bike,1/1/2024 0:30,1/1/2024 0:04,,,,,41.76,-87.55,41.75,-87.57,casual
AFD9F19A89C23208,electric_bike,1/1/2024 0:03,1/1/2024 0:12,,,,,41.74,-87.6,41.76,-87.55,casual
B991E94945340EC3,electric_bike,1/1/2024 0:28,1/1/2024 0:33,,,,,41.76,-87.55,41.76,-87.55,casual
7FED56E160AFB564,classic_bike,1/1/2024 0:07,1/1/2024 0:09,California Ave & Division St,13256,California Ave & Division St,13256,41.903029,-87.697474,41.903029,-87.697474,casual
84260B28A7C9BBA1,classic_bike,1/1/2024 0:07,1/1/2024 0:09,California Ave & Division St,13256,California Ave & Division St,13256,41.903029,-87.697474,41.903029,-87.697474,casual
9801537F56401252,electric_bike,1/1/2024 0:33,1/1/2024 0:37,,,,,41.88,-87.62,41.88,-87.62,member
B9A6946A83A58EAB,electric_bike,1/1/2024 0:32,1/1/2024 0:33,,,,,41.88,-87.62,41.88,-87.62,member
64A3E6A7D111E850,electric_bike,1/1/2024 0:39,1/1/2024 0:38,,,,,41.88,-87.62,41.88,-87.62,member
3535424916BA3F1C,electric_bike,1/1/2024 0:36,1/1/2024 0:00,,,,,41.91,-87.67,41.91,-87.68,casual
2B8F151DEC4454A0,electric_bike,1/1/2024 0:19,1/1/2024 0:31,,,,,41.95,-87.66,41.95,-87.66,casual
C4494F6BDAC910A8,electric_bike,1/1/2024 0:00,1/1/2024 0:11,,,,,41.9,-87.63,41.9,-87.63,casual
082A2010BE886A71,electric_bike,1/1/2024 0:35,1/1/2024 0:40,,,,,41.89,-87.61,41.91,-87.62,casual
F32E96277D6E3A7A,electric_bike,1/1/2024 0:40,1/1/2024 0:06,,,,,41.77,-87.8,41.77,-87.8,casual
946E5D877116327B,electric_bike,1/1/2024 0:23,1/1/2024 0:28,,,,,41.78,-87.76,41.78,-87.74,casual
78057D18FB160191,electric_bike,1/1/2024 0:03,1/1/2024 0:06,,,,,41.88,-87.61,41.89,-87.61,casual
C2FCB07490F96B1B,electric_bike,1/1/2024 0:13,1/1/2024 0:15,,,,,41.88,-87.62,41.88,-87.62,casual
4D39E4B33B6127F0,electric_bike,1/1/2024 0:21,1/1/2024 0:23,,,,,41.89,-87.61,41.89,-87.61,casual
F321F69B0182AAFA,electric_bike,1/1/2024 0:07,1/1/2024 0:25,,,,,41.9,-87.68,41.94,-87.65,casual
2D1A7BA6718927A2,electric_bike,1/1/2024 0:02,1/1/2024 0:04,,,,,41.94,-87.63,41.88,-87.63,casual
E08E9E4FC0D80B54,electric_bike,1/1/2024 0:39,1/1/2024 0:16,,,,,41.99,-87.7,41.98,-87.78,casual
FF0CF86EB9F21585,electric_bike,1/1/2024 0:02,1/1/2024 0:11,,,,,42,-87.67,41.99,-87.7,casual
8BBDC6DAC38F7C66,electric_bike,1/1/2024 0:37,1/1/2024 0:16,,,,,41.98,-87.78,41.98,-87.67,casual
D5419B6D3F33E69F,electric_bike,1/1/2024 0:40,1/1/2024 0:00,,,,,42.01,-87.67,42.02,-87.67,casual
FE985D6CF7506AC9,electric_bike,1/1/2024 0:40,1/1/2024 0:07,,,,,41.89,-87.62,41.91,-87.63,casual
938CBD8BA0DE440E,electric_bike,1/1/2024 0:05,1/1/2024 0:27,,,,,41.88,-87.62,41.94,-87.68,casual
2DFB0A205D65D649,electric_bike,1/1/2024 0:20,1/1/2024 0:33,,,,,41.91,-87.62,41.91,-87.63,casual
20C25AE28AE5F4D3,electric_bike,1/1/2024 0:40,1/1/2024 0:03,,,,,41.99,-87.69,41.99,-87.67,casual
27BEDA3ABF3A9143,electric_bike,1/1/2024 0:27,1/1/2024 0:29,,,,,41.96,-87.71,41.97,-87.71,casual
B8EF0F727576BD9D,electric_bike,1/1/2024 0:11,1/1/2024 0:24,,,,,41.94,-87.7,41.96,-87.71,casual
B84572FE4F5CCF95,electric_bike,1/1/2024 0:10,1/1/2024 0:13,,,,,41.89,-87.61,41.89,-87.61,casual
C2A0420C8C873FA3,electric_bike,1/1/2024 0:28,1/1/2024 0:28,,,,,41.91,-87.62,41.91,-87.62,casual
44863D2398D49484,electric_bike,1/1/2024 0:02,1/1/2024 0:10,,,,,41.91,-87.64,41.93,-87.65,casual
E08EFA6EE2384EF5,electric_bike,1/1/2024 0:41,1/1/2024 0:08,,,,,41.93,-87.65,41.91,-87.64,casual
B0EEC73E3B373E84,electric_bike,1/1/2024 0:25,1/1/2024 0:29,,,,,41.97,-87.69,41.97,-87.7,casual
38F6956A5E51C413,electric_bike,1/1/2024 0:37,1/1/2024 0:37,,,,,41.91,-87.65,41.91,-87.65,casual
42F50F703A94BB93,electric_bike,1/1/2024 0:26,1/1/2024 0:27,,,,,41.93,-87.64,41.93,-87.64,casual
05BBCA0E865E6D8C,electric_bike,1/1/2024 0:14,1/1/2024 0:16,,,,,41.96,-87.69,41.96,-87.68,casual
4C22090D69E2C598,electric_bike,1/1/2024 0:20,1/1/2024 0:20,,,,,41.89,-87.64,41.89,-87.64,casual
F125863D3EB40A40,electric_bike,1/1/2024 0:19,1/1/2024 0:20,,,,,41.89,-87.64,41.89,-87.64,casual
6ED8510B72E3DE7A,electric_bike,1/1/2024 0:35,1/1/2024 0:05,,,,,41.91,-87.63,41.89,-87.65,casual
F22BD0A5D2F0FF91,electric_bike,1/1/2024 0:41,1/1/2024 0:05,,,,,41.93,-87.66,41.94,-87.67,casual
17E43E59CA151CEB,electric_bike,1/1/2024 0:10,1/1/2024 0:09,,,,,41.92,-87.63,41.92,-87.63,casual
C0EFAE37564C8DFB,electric_bike,1/1/2024 0:02,1/1/2024 0:07,,,,,41.92,-87.63,41.92,-87.63,casual
C8780DEE76652AC0,electric_bike,1/1/2024 0:09,1/1/2024 0:10,,,,,41.92,-87.63,41.92,-87.63,casual
53B46A3AFD1984FD,electric_bike,1/1/2024 0:40,1/1/2024 0:01,,,,,41.9,-87.67,41.91,-87.67,casual
7FD6751CB3C9E160,electric_bike,1/1/2024 0:08,1/1/2024 0:11,,,,,41.91,-87.67,41.9,-87.67,casual
B890A6BDA7C90523,electric_bike,1/1/2024 0:17,1/1/2024 0:32,,,,,41.91,-87.63,41.95,-87.65,casual
79DB1E72321FC8F8,electric_bike,1/1/2024 0:05,1/1/2024 0:18,,,,,41.88,-87.74,41.88,-87.74,casual
E4109F438F62F2EA,electric_bike,1/1/2024 0:17,1/1/2024 0:23,,,,,41.86,-87.61,41.86,-87.61,casual
71875D2AE2C141D7,electric_bike,1/1/2024 0:10,1/1/2024 0:24,,,,,41.89,-87.62,41.91,-87.64,casual
BF5CB6E678243A8D,electric_bike,1/1/2024 0:28,1/1/2024 0:37,,,,,41.91,-87.63,41.93,-87.64,casual
B568D4BA8CC4CD98,electric_bike,1/1/2024 0:09,1/1/2024 0:09,,,,,41.88,-87.64,41.88,-87.64,casual
A0CF93AFBE5C69E6,electric_bike,1/1/2024 0:11,1/1/2024 0:13,,,,,41.88,-87.64,41.88,-87.63,casual
8769221B8A4C4BCE,electric_bike,1/1/2024 0:39,1/1/2024 0:01,,,,,42.05,-87.68,42.03,-87.68,casual
6937DBAB3E246495,electric_bike,1/1/2024 0:17,1/1/2024 0:24,,,,,41.92,-87.64,41.91,-87.63,casual
0FDB7C54847ED760,electric_bike,1/1/2024 0:19,1/1/2024 0:27,,,,,41.91,-87.63,41.94,-87.66,casual
D31251EB06BD386D,electric_bike,1/1/2024 0:01,1/1/2024 0:09,,,,,41.94,-87.67,41.95,-87.68,casual
09E3AF6BB2631500,electric_bike,1/1/2024 0:35,1/1/2024 0:40,,,,,41.95,-87.65,41.95,-87.68,casual
72251F1FE39D0ADB,electric_bike,1/1/2024 0:17,1/1/2024 0:08,,,,,41.9,-87.63,41.98,-87.67,casual
1C4AC984C6C32227,electric_bike,1/1/2024 0:32,1/1/2024 0:38,,,,,41.94,-87.65,41.95,-87.65,casual
037A11B113102589,electric_bike,1/1/2024 0:21,1/1/2024 0:27,,,,,41.92,-87.65,41.94,-87.65,casual
4F0E93DDD1EB2E36,electric_bike,1/1/2024 0:00,1/1/2024 0:21,,,,,41.93,-87.68,41.89,-87.64,casual
C024E89BCDC05F87,electric_bike,1/1/2024 0:23,1/1/2024 0:36,,,,,41.91,-87.62,41.94,-87.65,casual
896FAA052C0EF409,electric_bike,1/1/2024 0:31,1/1/2024 0:38,,,,,41.91,-87.63,41.93,-87.64,casual
3E993844EE3B8513,electric_bike,1/1/2024 0:12,1/1/2024 0:20,,,,,41.92,-87.65,41.95,-87.65,casual
DFC195E0D6C5C440,electric_bike,1/1/2024 0:41,1/1/2024 0:41,,,,,41.76,-87.56,41.76,-87.56,casual
ECFE566736C26524,electric_bike,1/1/2024 0:01,1/1/2024 0:02,,,,,41.91,-87.62,41.91,-87.62,casual
78E6E4CDEEB0F352,electric_bike,1/1/2024 0:41,1/1/2024 0:23,,,,,41.89,-87.61,41.86,-87.62,casual
8D7127DAF0A71A56,electric_bike,1/1/2024 0:27,1/1/2024 0:05,,,,,41.94,-87.83,41.98,-87.8,casual
BF80B3D42659D6BB,electric_bike,1/1/2024 0:27,1/1/2024 0:28,,,,,41.94,-87.83,41.94,-87.83,casual
CC344D5F610F4AE2,electric_bike,1/1/2024 0:11,1/1/2024 0:26,,,,,41.95,-87.65,41.89,-87.61,casual
5E68A42B3AA81F09,electric_bike,1/1/2024 0:41,1/1/2024 0:04,,,,,41.71,-87.67,41.7,-87.68,casual
D1F42FA4A081A131,electric_bike,1/1/2024 0:36,1/1/2024 0:41,,,,,41.87,-87.62,41.87,-87.63,casual
E9526DA4F7C48C09,electric_bike,1/1/2024 0:37,1/1/2024 0:08,,,,,41.89,-87.63,41.86,-87.61,casual
38B7983A27547892,electric_bike,1/1/2024 0:18,1/1/2024 0:24,,,,,41.88,-87.63,41.89,-87.63,casual
D9F08753A73858B5,electric_bike,1/1/2024 0:26,1/1/2024 0:31,,,,,41.95,-87.65,41.95,-87.68,casual
258383B271DB1806,electric_bike,1/1/2024 0:33,1/1/2024 0:14,,,,,41.9,-87.63,41.85,-87.62,casual
B799B5B421CA1F53,electric_bike,1/1/2024 0:21,1/1/2024 0:27,,,,,41.96,-87.64,41.96,-87.65,casual
E90C0BF06CA76A95,electric_bike,1/1/2024 0:29,1/1/2024 0:29,,,,,41.92,-87.69,41.92,-87.69,casual
811CE6FD760CD625,electric_bike,1/1/2024 0:30,1/1/2024 0:30,,,,,41.72,-87.64,41.72,-87.64,casual
89BCF42A84D89DD7,electric_bike,1/1/2024 0:03,1/1/2024 0:10,,,,,41.92,-87.66,41.9,-87.63,casual
F12379844E9F0036,electric_bike,1/1/2024 0:01,1/1/2024 0:10,,,,,41.95,-87.66,41.96,-87.64,casual
C9A97412D6479507,electric_bike,1/1/2024 0:27,1/1/2024 0:37,,,California Ave & Milwaukee Ave,13084,41.93,-87.65,41.922695,-87.697153,casual
E0C1DC5C94F8C3C0,electric_bike,1/1/2024 0:31,1/1/2024 0:36,,,,,41.98,-87.67,41.97,-87.65,casual
FBC999E9F36CF2A1,electric_bike,1/1/2024 0:14,1/1/2024 0:15,,,,,41.95,-87.65,41.95,-87.65,casual
5979F5CDAE63F9EB,electric_bike,1/1/2024 0:18,1/1/2024 0:37,,,,,42.06,-87.67,42.05,-87.68,casual
B1308767B7DAFF5F,electric_bike,1/1/2024 0:20,1/1/2024 0:23,,,,,41.94,-87.65,41.94,-87.64,casual
DDBACD1ED07E9E91,electric_bike,1/1/2024 0:24,1/1/2024 0:32,,,,,41.96,-87.64,41.94,-87.64,casual
D33CF7FAC7AFA1C2,electric_bike,1/1/2024 0:37,1/1/2024 0:37,,,,,41.92,-87.64,41.92,-87.64,casual
EC74595D061A9894,electric_bike,1/1/2024 0:31,1/1/2024 0:36,,,,,41.91,-87.63,41.92,-87.64,casual
5D228B2D9B152EF4,electric_bike,1/1/2024 0:30,1/1/2024 0:04,,,,,41.89,-87.62,41.89,-87.62,casual
6F9F28C926C62FC3,electric_bike,1/1/2024 0:34,1/1/2024 0:38,,,Campbell Ave & Montrose Ave,15623,41.96,-87.68,41.961524,-87.691177,casual
B767B34DB39DFD38,electric_bike,1/1/2024 0:37,1/1/2024 0:00,,,,,41.88,-87.66,41.88,-87.64,casual
60D8F4ED7AD1009E,electric_bike,1/1/2024 0:23,1/1/2024 0:28,,,,,41.94,-87.63,41.94,-87.65,casual
9C62DAE2C0E41860,electric_bike,1/1/2024 0:35,1/1/2024 0:36,,,,,41.99,-87.71,41.99,-87.71,casual
458DDE995BB475B3,electric_bike,1/1/2024 0:02,1/1/2024 0:03,,,,,41.98,-87.71,41.98,-87.71,casual
7C415575B0D1A4F9,electric_bike,1/1/2024 0:36,1/1/2024 0:41,,,,,41.99,-87.71,41.98,-87.72,casual
FB2DC5D697DED8BF,electric_bike,1/1/2024 0:15,1/1/2024 0:27,,,,,41.98,-87.71,41.99,-87.71,casual
F4225005E5939E30,electric_bike,1/1/2024 0:09,1/1/2024 0:10,,,,,41.98,-87.68,41.98,-87.68,casual
DA58B9F3AD0138A9,electric_bike,1/1/2024 0:34,1/1/2024 0:04,,,,,41.89,-87.69,41.89,-87.63,casual
19299B1D254E8DFF,electric_bike,1/1/2024 0:13,1/1/2024 0:30,,,,,41.91,-87.76,41.89,-87.69,casual
B362693D6F8A601B,electric_bike,1/1/2024 0:09,1/1/2024 0:09,,,,,41.89,-87.63,41.89,-87.63,casual
621440EF2D796FF6,electric_bike,1/1/2024 0:08,1/1/2024 0:13,,,,,41.94,-87.65,41.95,-87.67,casual
5F02EDD2F4015893,electric_bike,1/1/2024 0:22,1/1/2024 0:11,,,,,41.74,-87.6,41.74,-87.6,casual
6A4BD8A5BEAE9A6A,electric_bike,1/1/2024 0:17,1/1/2024 0:18,,,,,41.94,-87.65,41.94,-87.65,casual
EB0A37007F6B925E,electric_bike,1/1/2024 0:18,1/1/2024 0:30,,,,,41.94,-87.65,41.9,-87.63,casual
E31C5BA32195D8CC,electric_bike,1/1/2024 0:02,1/1/2024 0:06,,,,,41.89,-87.63,41.88,-87.64,casual
D70DA16BB3ABCB78,electric_bike,1/1/2024 0:11,1/1/2024 0:19,,,,,41.92,-87.63,41.93,-87.66,casual
308E339B4EAA2F8A,electric_bike,1/1/2024 0:08,1/1/2024 0:10,,,,,41.92,-87.63,41.92,-87.63,casual
C5AF7D29CEDF9D5E,electric_bike,1/1/2024 0:21,1/1/2024 0:33,,,,,41.95,-87.65,41.94,-87.63,casual
7CA1EEB4788ED5B8,electric_bike,1/1/2024 0:23,1/1/2024 0:30,,,,,41.91,-87.62,41.91,-87.64,casual
5BA00C821D984D61,electric_bike,1/1/2024 0:30,1/1/2024 0:04,,,,,41.89,-87.63,41.93,-87.65,casual
7ECF0E7D25E4E45E,electric_bike,1/1/2024 0:07,1/1/2024 0:07,,,,,41.94,-87.64,41.94,-87.64,casual
E1C71FD0A1DCD2A5,electric_bike,1/1/2024 0:29,1/1/2024 0:33,,,,,41.91,-87.69,41.91,-87.68,casual
4ECEA063ED66ADF3,electric_bike,1/1/2024 0:27,1/1/2024 0:29,,,,,41.96,-87.71,41.95,-87.71,casual
09B0D2DB71A27196,electric_bike,1/1/2024 0:11,1/1/2024 0:22,,,,,41.91,-87.63,41.94,-87.64,casual
79FE390EFCAAFC33,electric_bike,1/1/2024 0:16,1/1/2024 0:29,,,,,41.94,-87.64,41.9,-87.62,casual
7C493671607BC70D,electric_bike,1/1/2024 0:20,1/1/2024 0:22,,,,,41.8,-87.59,41.79,-87.59,casual
1509675FB1098E0B,electric_bike,1/1/2024 0:35,1/1/2024 0:39,,,,,41.8,-87.59,41.79,-87.6,casual
A60F7633042271F6,electric_bike,1/1/2024 0:27,1/1/2024 0:34,,,,,41.95,-87.65,41.95,-87.65,casual
F65BD57A01B4D29B,electric_bike,1/1/2024 0:13,1/1/2024 0:27,,,,,41.95,-87.65,41.89,-87.63,casual
449C92FAD3C7E7B6,electric_bike,1/1/2024 0:12,1/1/2024 0:19,,,,,41.94,-87.64,41.93,-87.64,casual
BB4CFA0EB3B7D0F3,electric_bike,1/1/2024 0:32,1/1/2024 0:08,,,,,41.91,-87.62,41.86,-87.61,casual
DEDDA57369FBDDBC,electric_bike,1/1/2024 0:14,1/1/2024 0:19,,,,,41.78,-87.63,41.76,-87.63,casual
A6798987321A207E,electric_bike,1/1/2024 0:38,1/1/2024 0:02,,,,,41.92,-87.66,41.91,-87.68,casual
AB92D85D1B476E1E,electric_bike,1/1/2024 0:31,1/1/2024 0:33,,,,,41.91,-87.66,41.92,-87.66,casual
00DC3C85FC22A3ED,electric_bike,1/1/2024 0:09,1/1/2024 0:11,,,,,41.95,-87.66,41.95,-87.66,casual
7206954704EA67D4,electric_bike,1/1/2024 0:13,1/1/2024 0:15,,,,,41.95,-87.66,41.95,-87.66,casual
BC310E69F787C63E,electric_bike,1/1/2024 0:04,1/1/2024 0:08,,,,,41.99,-87.66,41.99,-87.67,casual
2457EA55C73D4708,electric_bike,1/1/2024 0:06,1/1/2024 0:08,,,,,42,-87.71,41.99,-87.71,casual
905A9DCA3427EA77,electric_bike,1/1/2024 0:09,1/1/2024 0:25,,,,,41.91,-87.68,41.91,-87.67,casual
67A6EF06DD3B8C28,electric_bike,1/1/2024 0:16,1/1/2024 0:36,,,,,41.89,-87.61,41.86,-87.62,casual
1251696D591649D6,electric_bike,1/1/2024 0:28,1/1/2024 0:33,,,,,41.92,-87.69,41.91,-87.68,casual
4CF5A3513041CBA7,electric_bike,1/1/2024 0:40,1/1/2024 0:17,,,,,41.9,-87.62,41.95,-87.66,casual
EA95FC17FA213001,electric_bike,1/1/2024 0:24,1/1/2024 0:37,,,,,41.86,-87.61,41.87,-87.62,casual
C6B761B1ADC361AC,electric_bike,1/1/2024 0:29,1/1/2024 0:35,,,,,41.95,-87.65,41.94,-87.64,casual
0E5930EBD175A557,electric_bike,1/1/2024 0:14,1/1/2024 0:18,,,,,42.05,-87.68,42.06,-87.68,casual
CBE79880227C14F1,electric_bike,1/1/2024 0:11,1/1/2024 0:20,,,,,41.92,-87.7,41.92,-87.67,casual
3277C0B0F00CF665,electric_bike,1/1/2024 0:27,1/1/2024 0:37,,,,,41.92,-87.67,41.92,-87.7,casual
B86DD7120A0A27B1,electric_bike,1/1/2024 0:03,1/1/2024 0:29,,,California Ave & Milwaukee Ave,13084,41.91,-87.64,41.922695,-87.697153,casual
DBBC090573ABD4D8,electric_bike,1/1/2024 4:29,1/1/2024 0:06,Campbell Ave & Montrose Ave,15623,,,41.96156967,-87.69121337,41.95,-87.7,casual
AAD79EDB901E02E0,electric_bike,1/1/2024 0:32,1/1/2024 0:34,,,,,41.85,-87.63,41.85,-87.63,casual
5DCC2FECC5EAA8DE,electric_bike,1/1/2024 0:24,1/1/2024 0:25,,,,,42.04,-87.67,42.04,-87.67,casual
19F007829BD21FA5,electric_bike,1/1/2024 0:10,1/1/2024 0:10,,,,,42.06,-87.68,42.06,-87.68,casual
6734372F029C0A6B,electric_bike,1/1/2024 0:09,1/1/2024 0:11,,,,,42.06,-87.68,42.06,-87.68,casual
7B352C995C160755,electric_bike,1/1/2024 0:11,1/1/2024 0:24,,,,,42.06,-87.68,42.04,-87.67,casual
DA030C735877F616,electric_bike,1/1/2024 0:10,1/1/2024 0:11,,,,,41.94,-87.65,41.94,-87.65,casual
73E6E23BC8F4C9D1,electric_bike,1/1/2024 0:16,1/1/2024 0:22,,,,,41.98,-87.66,41.97,-87.67,casual
7FD6C1F8A6E1B36F,electric_bike,1/1/2024 0:31,1/1/2024 0:34,,,,,41.98,-87.67,41.98,-87.66,casual
2A947DAB7DB01A59,electric_bike,1/1/2024 0:34,1/1/2024 0:40,,,,,41.86,-87.66,41.89,-87.65,casual
07F403AFB4936689,electric_bike,1/1/2024 0:10,1/1/2024 0:03,,,,,41.86,-87.7,41.88,-87.76,casual
94FA6F400E8B2FB5,electric_bike,1/1/2024 0:29,1/1/2024 0:37,,,,,41.91,-87.63,41.92,-87.65,casual
020A3A0D902DE808,electric_bike,1/1/2024 0:28,1/1/2024 0:42,,,,,41.93,-87.65,41.95,-87.64,casual
4B39D2D0A4636094,electric_bike,1/1/2024 0:36,1/1/2024 0:36,,,,,41.87,-87.63,41.87,-87.63,casual
61BA5DB2B732ADBF,electric_bike,1/1/2024 0:21,1/1/2024 0:23,,,,,41.86,-87.61,41.86,-87.61,casual
A2A1D3BAF0DA3B27,electric_bike,1/1/2024 0:40,1/1/2024 0:41,,,,,41.87,-87.61,41.87,-87.61,casual
2A391DAB672265A4,electric_bike,1/1/2024 0:33,1/1/2024 0:42,,,,,41.93,-87.64,41.91,-87.66,casual
B13CC58A895E90DB,electric_bike,1/1/2024 0:11,1/1/2024 0:20,,,,,41.84,-87.65,41.88,-87.64,casual
E0F0EA63D476EE3F,electric_bike,1/1/2024 0:30,1/1/2024 0:34,,,,,41.91,-87.63,41.93,-87.64,casual
A1921A4E1F514037,electric_bike,1/1/2024 0:37,1/1/2024 0:03,,,,,41.94,-87.67,41.92,-87.65,casual
55E373737D7BAD30,electric_bike,1/1/2024 0:05,1/1/2024 0:17,,,,,41.92,-87.63,41.93,-87.64,casual
1A5C9346AD8B7375,electric_bike,1/1/2024 0:33,1/1/2024 0:34,,,,,41.91,-87.62,41.91,-87.62,casual
0DFDF8B53CEC1D2D,electric_bike,1/1/2024 0:35,1/1/2024 0:05,,,,,41.91,-87.62,41.94,-87.65,casual
